Word,Count
hygiene,33
miére,1
tribut,1
victimes,2
prélévent,1
année,2
vignorance,2
misére,7
derniéres,2
classes,8
société,6
servateur,1
croit,2
pays,1
civilisé,1
monde,9
étudie,2
moeurs,4
pauvres,2
bretagne,1
vendée,1
poitou,1
nivernais,1
sologne,1
lachampagne,1
vosges,1
intérét,6
done,10
guuvernemens,1
point,76
participer,2
instruction,5
masses,3
populeuses,1
excentriques,2
fuser,1
premiers,2
moyens,1
sortir,1
gangue,1
abrutissement,1
enveloppe,1
siécles,2
gouvernans,2
celui,1
vernés,1
rarement,11
pouvoir,2
pattribuer,1
quelque,6
part,10
révolutions,3
peuple,5
vidée,2
participation,1
publique,5
fera,1
partielle,2
saura,1
quoique,8
disséminée,1
rien,8
empéchera,1
étendre,1
individu,7
temens,1
femmes,44
propres,3
défendre,1
contre,3
sions,1
foule,7
agens,3
nuisibles,1
nicieux,1
impressions,2
pheriques,1
auxquelles,5
cesse,3
exposécs,1
nabitudes,1
parties,2
corps,22
téte,15
besoin,16
tement,1
velure,1
longue,3
mieux,12
fournie,1
hommes,3
semble,6
dire,8
vétement,3
naturel,8
suflisant,1
antiquités,1
greeques,1
romaines,1
représentent,1
couverte,2
nations,2
ciel,2
chaud,9
tempéré,1
frances,1
doute,1
emprunté,1
gaulois,1
portaient,1
coiffure,5
climat,5
habitudes,5
sité,2
moyen,16
usage,17
veétirla,1
tage,1
laisse,2
loisir,1
réflexion,3
montre,1
active,3
tyrannique,1
malheureuses,2
grandes,1
douter,2
tances,2
morales,2
attribuer,2
rences,1
existent,1
santé,25
tuelle,1
conditions,3
ordre,5
politique,2
paysannes,3
peine,3
suffire,1
soins,3
maison,2
obligées,1
acquérir,3
soutenir,2
avortemens,2
maladies,4
naissent,1
cause,19
labeur,1
excessif,1
violences,1
extérieures,2
citadines,1
outre,5
accidens,7
tent,3
actions,1
mécaniques,1
trouvons,1
multitude,5
affections,4
organiques,3
insolites,1
nerveuses,1
dues,2
vations,1
prolongées,3
excés,3
genre,5
cominctions,1
vitables,1
fréquentes,3
grands,1
theatres,1
affliveant,1
philanthrope,1
voir,4
circonstances,1
devraient,2
exempter,1
certaines,3
lions,1
nulle,1
prises,1
ration,2
cependant,13
celles,18
avancées,1
grossesse,4
pouvaient,1
chies,1
porter,7
fardeaux,1
rudes,1
travaux,4
champs,1
gués,1
nombre,11
suit,1
constamment,9
cours,5
saisons,5
exigent,2
yité,1
ignorante,2
pagnes,1
produiraient,1
ques,2
avis,4
sages,2
pourraient,2
donner,5
personnes,7
éclairées,2
profitables,1
petit,5
effet,18
partout,1
priser,1
malheureuse,4
esse,1
fruit,1
travail,11
culera,1
impunément,1
livrer,2
position,3
trouve,6
source,3
existait,1
abandonné,1
tion,12
lorsque,3
modes,1
italie,2
duisirent,1
france,5
conquéte,1
naples,1
tard,4
facheuse,2
intronisation,1
medicis,1
ensuite,1
devinrent,1
chevelure,3
véritables,1
caricatures,1
beaux,1
ornemens,1
aide,3
frisure,3
poudre,3
transformé,1
ridicule,3
faudage,1
néanmoins,1
conserva,2
mode,12
jusqu,4
tourmente,1
tionnaire,1
veulent,4
marquer,1
existence,3
térent,1
tutus,1
prirent,1
mesure,5
propreté,14
police,1
militaire,1
savons,1
souffert,1
sacrifice,1
égard,9
arrive,2
sidérement,1
tondre,1
foreé,1
wadmettre,1
titus,1
lana,1
famille,4
localité,4
contrées,5
malgré,2
obstacles,1
oposeront,1
centralisant,1
institutions,1
réseryant,1
pole,1
enfin,5
pourra,2
empécher,2
membres,1
quer,2
reconnaitre,5
importance,6
individuelle,2
rénovation,1
opérera,1
lentement,1
progrés,2
certains,2
affermis,1
circonstance,12
soumises,2
sujettes,5
sortes,1
ajoutons,1
coiffeur,1
précieux,2
coquetterie,7
dommages,2
dames,4
blanchir,2
tems,20
loin,6
nates,1
jolies,2
choses,1
véritable,2
facheux,3
vrai,1
nattes,1
tirailler,1
cheveux,10
pincer,1
fers,3
brilans,1
suivies,3
sion,5
grand,4
organes,6
changement,1
apprécié,2
imconvéniens,1
presser,2
papillotes,1
répétée,2
jours,7
perdre,1
rell,1
puss,1
peele,1
ovsess,1
vetemens,2
abstiendrons,1
parler,7
changemens,7
yétemens,1
ages,1
variations,2
qwils,1
subissent,4
formes,1
parmi,9
modernes,3
grecque,1
romains,1
république,1
miers,1
rois,1
franes,1
lhabillement,1
simple,6
recouvrait,1
aaah,1
allt,1
cron,1
went,1
aime,1
hehe,1
yahi,1
justs,1
these,1
atthe,1
tenth,1
ogvlqee,1
deeb,1
ghaeens,1
laryst,1
rece,1
vets,1
them,1
exempte,1
sounises,1
repris,1
faveur,3
longs,1
deyenus,1
aujourd,1
peigne,1
michalons,1
normandins,1
plaisirs,1
célébrités,1
cirrigeriennes,1
principaux,4
attributs,1
toilette,7
inconvéniens,10
bituellement,1
coiffées,1
blant,1
liant,1
racine,1
portant,3
sens,3
oppose,1
direction,2
tiraille,1
cessairement,1
traction,1
faible,2
cheyeu,1
somme,1
coiffer,2
dentellement,1
plaignent,1
oceasioné,1
tiraillement,1
exercé,2
partie,22
cuir,2
chevelu,1
pourrons,1
établir,1
migraines,2
fismes,1
nerveux,1
céphalalgies,1
unes,4
piquées,1
matelassées,1
composant,1
appareil,3
mauvais,1
goit,4
favorise,1
merveilleusement,1
malpropreté,1
centre,2
chaleur,8
gendre,2
perpétue,1
vermine,1
destruction,1
nécessite,2
gereux,1
couper,1
vivons,1
croyance,1
éloignée,2
époque,3
justice,2
vieilles,2
coutumes,1
rance,1
grande,16
péce,1
humaine,2
niveau,2
brutes,1
cluons,1
portent,6
tuellement,3
vétemens,8
autant,12
maintenir,2
cheyeux,2
garantir,2
froid,11
cessive,1
névraigies,1
faciales,1
craniennes,1
caries,3
dentaires,1
rares,2
restent,3
chef,2
vert,1
conséquemment,2
réseryée,1
campagne,4
desquelles,1
influence,17
nons,1
yvoulons,1
filage,2
chanvre,2
conceyoir,1
provinees,1
productions,1
suflfisantes,1
consommation,1
nese,2
lent,3
quenouille,1
mouillait,1
tire,1
poupée,1
abréger,1
besogne,2
modité,1
fileuses,1
recours,3
salive,2
salivation,1
naturelle,12
insuflisante,1
quifilent,1
nellement,1
maniére,9
forcées,2
tenir,3
bouche,2
gers,1
exciter,1
glandes,1
buccales,1
afin,1
obtenir,1
quantité,1
nécessaire,3
telles,3
consequences,1
occupation,12
lisme,1
continuel,1
quis,2
livrent,2
habituellemert,1
maigreur,1
effrayante,1
routine,1
yaveuglement,1
sensées,1
apprécieront,1
facilement,5
comparant,1
filent,1
habituellement,4
journaliére,2
maigres,3
séchées,1
tamment,1
portantes,3
combien,6
vicieuses,1
dangereux,4
éternisent,2
vastes,1
foyers,2
tlest,1
remarquer,2
pale,3
offrent,3
gvétres,1
pertrophie,1
thyroide,1
contraire,5
fréquent,2
ploient,1
éloignés,2
croire,3
abondante,5
meilleur,1
ployer,1
prévenir,2
arréter,4
infirmité,2
ysique,1
yent,1
dispenser,2
vétir,2
passent,2
température,6
chaude,1
milieu,5
raison,8
importans,1
lement,1
irritables,1
contenus,1
cavités,1
poitrine,4
abdominale,2
torse,3
soigneusement,1
yétue,1
forme,6
tissus,2
composent,1
pouvant,1
riques,1
évident,1
douées,1
susceptibilité,1
échapper,2
action,8
diverses,5
ladies,2
reconnaissent,1
rhumes,3
catarrhes,2
pneumonies,1
présentent,2
quemment,1
sexe,11
féminin,1
deviennent,3
trieux,1
savent,2
approprier,1
convient,5
rapports,1
emportent,2
général,9
bienfaits,1
voulaient,1
venir,1
dangers,4
encourent,1
trissant,1
pain,1
enfournant,1
chauf,1
fant,1
lessives,1
macquant,1
chanyre,1
gravissant,1
arbres,1
chargeantles,1
voitures,1
battant,1
grains,1
lant,2
béche,1
proche,1
derniers,1
avertissaient,1
exposent,1
lavant,1
froide,7
entrant,1
rouissage,1
approche,1
écoulement,3
menstrues,6
commodités,2
suivre,3
ponctuellement,1
faudrait,2
laisser,4
liberté,1
serrant,1
presque,8
incondescens,1
abandonner,1
pernicieux,5
guére,5
jeunes,13
sonnes,4
élevées,1
vivant,2
rester,6
ecouverte,1
laborieuses,1
injures,1
sauraient,2
provinces,1
différente,1
vélir,1
sesurchargent,1
incommode,3
complication,1
amplitude,2
ailleurs,2
mouchoir,1
béguin,1
suflit,1
sannes,2
méridionales,1
blent,1
dessous,1
flexibilité,1
desséchant,1
fortement,1
nuire,1
reproduction,2
régions,2
rale,3
frontale,1
servent,4
sure,1
différentde,1
nuance,1
influent,1
assurément,2
revolutions,1
opérentdans,1
systeéme,1
capillaire,1
provoquent,2
bonne,2
heure,3
lopécie,1
totale,2
hatent,1
bicité,1
vétue,2
veux,2
belle,1
conservent,2
rare,3
blancs,1
merveilleuses,1
jeunesencore,1
indices,1
vieillesse,2
prématurée,1
rait,2
facile,4
concilier,1
interéts,1
adopter,3
rapport,5
maux,4
désolent,1
inférieures,1
gouvernement,1
entendu,1
pourrait,4
diminuer,1
sére,1
résulte,4
implacable,1
avare,1
struction,1
favoris,1
fortune,1
taient,1
dominés,1
égoisme,1
refuse,1
tourner,1
profit,3
retireraient,1
nombreuses,2
détruit,1
ignorance,1
ties,2
daigne,1
parcourir,1
fléaux,1
verra,1
degradation,1
physique,6
morale,4
réduites,1
disons,2
toit,1
vues,2
naitre,4
ingrat,1
émigrent,1
conscriptions,1
enlévent,1
rouvent,1
succomber,1
successivement,1
phthisie,3
idiopathique,2
résultat,5
metier,1
faisaient,1
commun,1
apprécier,2
inconveniens,2
attachés,2
profession,3
suffit,4
envisager,1
ensemble,3
corporelles,1
vexercent,1
néral,3
malingres,1
piles,1
atteintes,1
obstructions,1
douleurs,1
matismales,1
métier,3
mémes,11
niens,1
plein,3
riviéres,1
convaincre,1
assertion,3
mettre,5
ralléle,2
blanchisseuses,3
bateaux,1
situés,1
rives,1
seine,1
ouvriéres,4
lintérieur,1
paris,3
différences,2
tiennent,5
constances,1
aapprécier,1
employees,2
commerce,1
triage,1
manipulation,1
substances,2
toxique,1
table,4
matieres,4
chapitre,16
jamais,6
prise,3
considération,5
choix,2
différens,1
particuliérement,1
corsets,12
chaussure,5
cors,2
proprete,2
meteo,1
nutieuse,1
injections,3
pernicicuses,1
bains,5
domestiques,1
salutaires,4
emploi,2
cosmetiques,1
apprndicce,1
tablik,1
dégarnies,1
haut,2
accoutrement,3
lacés,1
robes,3
simplement,2
lons,2
séparés,1
subir,1
modifications,3
importantes,1
jupes,3
cordons,1
passés,1
autour,1
suffisamment,1
serrés,3
arrétés,1
saillie,1
hanches,2
ventre,2
derniére,7
situation,4
pression,2
circulaire,2
poids,1
tendant,1
déprimer,1
daceidens,1
graves,4
réfléchit,1
vétissent,1
sorte,4
tenues,4
journellement,2
gans,1
bretelles,1
bourrelets,1
lans,1
fixés,1
commodes,1
aceord,1
cosmeliques,1
pespéce,1
aucune,4
exige,3
attentions,1
disparaitre,3
traces,1
dités,1
minutieux,2
femme,103
homme,7
tempérament,2
phatique,2
lissus,1
moux,1
évacuations,1
permanentes,2
accidentelles,1
casanieéres,1
rahe,1
enolampiai,1
obonided,1
wulaon,1
sufit,1
egard,1
vétendue,1
surfaces,1
mises,1
découvert,2
étendue,2
moitié,1
surface,1
lieux,3
produisent,1
mise,8
obligée,3
assez,1
élevée,3
entretenir,2
perspiration,1
eutanée,1
inférieure,2
nécessairement,1
suppression,3
lune,1
absence,1
subsister,1
quences,2
bras,1
découverte,1
tirent,1
faisons,2
voeux,1
plaire,3
fasse,1
oublier,2
chers,1
laquelle,6
ferait,2
coup,1
pouvait,1
persuader,1
élégantes,2
nécessité,4
manches,1
chemises,1
poumons,1
pernicieuse,3
solution,1
incontestable,1
faits,4
nombreux,2
mous,1
autorisent,1
vapeur,1
exaspére,1
lesrhumes,1
réveille,1
latoux,1
irritations,1
bronchiques,1
lesindividus,1
desmémes,1
lachaleurdufer,1
peur,1
charbon,1
local,2
étroit,2
régne,2
odeur,1
insupportable,3
atmosphére,1
étouffante,1
rendent,1
aigués,1
manifestent,2
chisseuses,1
étonné,1
rapidité,1
premiére,3
maladie,15
enlevé,1
vricres,1
constituées,1
embrasser,1
seuses,2
notamment,2
filles,9
nées,1
parens,2
robustes,2
sains,1
terminerons,2
chose,8
dité,1
voulons,1
corsaux,1
pieds,1
firmité,1
vpusage,1
tueuses,1
voulant,1
pied,7
liers,2
courts,1
avee,2
génante,3
faux,1
progression,1
inégale,1
exercée,2
calleux,1
douloureux,1
peau,6
passe,1
maladif,1
difficile,2
détruire,1
attention,3
chaussent,2
tisser,1
jeurs,1
verrons,1
arqué,1
soulier,4
quil,3
appuie,1
derriére,1
talon,1
bout,3
doigts,1
intervalle,1
développent,2
oceasionent,1
affranchies,1
exemples,2
morrhoides,1
également,3
ménorrhagies,1
fleurs,2
blanches,2
engorgemens,1
momentanés,2
habituels,1
matrice,3
oyaires,1
réplettes,1
fréquens,4
sveltes,1
embonpoint,4
seserrent,1
précéde,1
foin,1
conclure,1
doive,1
lument,1
proscrit,1
sait,3
conyenable,1
vampleur,1
relative,2
taille,2
destination,1
principale,2
gorge,3
dessiner,1
contours,1
cieux,1
constituent,1
beau,3
idéal,1
servir,2
fixer,1
autrés,1
appendice,6
empyrisme,1
médecine,9
rationnelle,2
prouve,1
appliqués,3
eirconstances,1
semblables,2
opérent,1
établissons,1
prinzipe,1
decine,2
nioins,1
profitable,1
expectation,1
combienles,1
émissions,1
sanguines,1
prolongent,1
convalescences,1
ajoutent,1
grayité,1
applications,1
irritantes,1
exaltent,1
sensibilité,4
neryveuse,1
unmotles,1
médications,2
énergiques,1
anomalies,2
nvutations,1
instantanement,1
opérer,1
métamorphoses,1
déjouent,1
caleuls,1
mettent,3
science,3
défaut,7
coxcluons,1
speciale,2
tient,7
prudence,2
lobservation,1
théories,1
spéculatives,1
introduction,1
premier,5
souns,1
petites,3
lotions,3
dispensables,1
éponges,1
lure,1
ecoulemens,1
rhéiques,1
gime,1
approprié,1
vinfluence,2
enfans,4
vise,1
maintien,1
chée,1
paraitre,1
syeltes,1
dela,3
proportions,2
végard,2
vélégance,1
lebon,1
fins,2
moelleux,1
dessinent,2
gracieuses,1
courtes,1
décolletées,1
élaguées,1
menses,1
avantages,1
droit,2
présumer,1
acquis,1
quelquefois,7
préjudice,1
gombien,1
résultent,3
reste,5
selon,2
code,1
quette,1
entourées,2
précautions,3
capables,1
lutter,1
péries,1
difficilement,2
soustraire,1
inconyvéniens,2
rigueur,2
quefois,1
cruelles,1
étroitesse,1
résistance,1
semelles,1
regardons,1
cipalesde,1
noussignalons,1
ajouter,2
mauyaise,1
habitude,23
tirer,1
replier,1
eagles,1
ieee,1
blissemens,1
partiels,1
concentré,1
retréci,1
exécuté,1
mains,3
examine,1
spéciales,1
sées,1
employées,1
premiert,1
ouvrieres,1
opérations,1
blanchissage,1
instant,2
savonnage,1
brillant,1
lavage,1
yeau,1
pompe,1
glaciale,1
occupées,1
double,1
transitions,1
subites,1
éviter,2
considérés,2
pations,1
agissent,3
puissamment,2
ouvricres,1
signaler,3
javelle,2
agir,1
pénibles,2
presence,1
encourager,1
vertu,2
gagneraientsi,1
secours,1
prévenait,1
gradation,1
limite,1
flechit,1
rangs,2
perdent,3
empire,2
différent,1
pourl,1
interét,1
dernicres,1
chemin,1
plongées,2
dissolution,1
gards,1
oubliées,1
vinfamie,1
forcée,3
supporter,1
opprobre,1
autorise,1
changer,2
coutrement,1
quon,2
prennent,6
habits,1
costume,1
poque,1
critique,1
retour,4
ocot,1
ites,1
sung,1
epoque,1
ordinaire,3
cessation,1
régles,1
precedent,1
accompagnent,1
suivent,1
mamelles,3
ovaires,1
consécutives,1
eessation,1
deuxieme,1
regime,1
dietetique,1
cecseeee,1
habituel,3
boissons,1
education,1
consideree,1
hygienique,2
digibiold,1
trod,1
édueation,2
volumes,1
voulait,1
recettes,2
eaux,4
composees,1
pommades,2
pates,1
émulsions,1
defards,1
baumes,1
opiats,1
xirs,1
préconisés,2
médier,1
ravages,1
préparations,2
composés,1
gétaux,1
innocentes,1
avtrement,1
ferment,1
élémens,2
tirés,1
employer,2
distillées,1
roses,1
plantin,1
frai,2
grenouille,1
féves,1
liqueurs,1
spiritueuses,1
aromatiques,1
analogues,2
cologne,1
ninon,1
ispahan,1
econcombre,1
amandes,1
douces,2
cacao,1
baume,1
mecque,1
danger,8
noms,1
pompeux,1
vendent,1
boutons,1
taches,1
nouvelles,1
fonctions,4
devenues,1
activité,8
sécrétions,1
bituelles,1
méres,3
tutrices,1
jusque,1
imitiées,1
secrets,2
lemens,1
muqueux,1
dineurie,1
plusrarechez,1
mariées,1
provinciales,1
brillantes,1
fraicheur,3
altrayantes,1
charmes,1
albion,1
émigration,1
francaises,1
vaient,1
pratiques,5
essentielles,1
lonaises,1
purifient,1
vintention,1
maris,1
amans,2
soin,13
beautés,1
erétes,1
parisiennes,1
soccuper,1
figure,1
vénus,1
hottentote,1
violence,2
autrement,1
eraves,1
venons,1
respiration,1
circulation,3
phénoménes,1
dérivent,1
plissent,1
imparfaitement,1
géne,3
dérangemens,2
lois,4
physiologiques,1
apparent,1
renouyellent,1
témes,1
organisation,2
trouvent,4
enchatnement,1
arriver,1
dernier,5
monaires,1
anévrismes,1
coeur,3
déterminante,1
efficiente,1
mécanique,2
trine,1
parois,1
cayité,1
semblent,4
continuer,1
domen,1
lignes,1
droites,1
change,1
réellement,1
conformation,2
extérieure,2
pressée,2
circulairement,1
rétrécie,1
vers,3
base,3
molles,1
entourent,1
cavité,1
nuit,6
essentiellement,3
formées,1
parun,1
tissu,2
cellulaire,1
abondant,1
épanouir,1
volume,2
puisque,5
recoivent,1
nutrition,2
vasculaire,1
ceptée,1
vient,1
cipalement,2
inférées,1
pouryues,1
déformations,1
produites,1
évidentes,1
graisse,1
refoulées,1
outrent,1
larges,1
fesses,1
enormes,1
réclament,2
soutenues,1
attrayante,1
entoure,1
personnels,1
devient,1
objet,1
dégoiat,1
néglige,2
obligations,1
distinguer,1
caleulée,1
quine,1
réels,1
prendre,2
excessive,3
nulsible,1
gence,1
absolue,3
quvique,1
petite,2
maitresse,1
efface,1
passer,1
examen,1
eénéraux,1
parlons,2
spécisles,1
tendent,1
mier,1
déja,5
question,2
nubilité,1
génération,3
appelées,1
conscrver,1
augmenter,1
agrémens,1
extérieurs,1
charlatans,2
multiplier,1
adressés,1
spécialement,1
anciens,1
occupés,1
importante,3
matiére,3
attribue,1
ovide,1
poéme,1
intitulé,1
medicamine,1
faciet,1
lequel,1
embellir,1
server,1
teint,1
teindre,2
dents,1
galien,1
mention,1
traité,3
cliton,1
athénes,1
cite,1
cléopatre,1
écrivant,1
pouyait,1
pharmacie,1
boudoirs,1
tenons,1
cosmétiques,2
arabes,1
persans,1
indiens,1
laugiers,1
farina,1
cornuo,1
chardins,1
ribans,1
porté,1
devanciers,1
perpétuer,1
jeunesse,1
beaute,1
spécialités,1
religieuse,1
escce,1
cscess,1
dramatique,1
veaux,1
manuels,1
ploi,1
domespioves,1
régle,7
domestique,9
condition,11
tielle,1
yignorance,1
réglent,1
séjournant,1
humides,2
oceupées,1
ateliers,1
émanations,1
delétéres,1
trayaille,1
métaux,1
fabriquent,1
couleurs,2
peint,1
jouets,1
idée,3
exercees,1
saines,1
étudier,1
passant,1
quartiers,1
lombards,1
arcis,1
iqui,1
placant,1
degré,6
abjection,1
chiffonniéres,1
reuses,1
balayage,1
rues,1
humanité,2
rantir,1
malheureux,1
pareille,1
ignominie,2
tableaux,1
insigne,1
dégradation,1
hyglene,1
sant,1
couvriront,1
trouvera,1
célibat,1
riage,2
précoce,1
lage,1
favorable,2
indivyiduels,1
enane,1
réclamentles,1
enceintes,1
eime,1
appétits,1
bizarres,1
abus,1
saignée,1
mpvsdaitemend,1
obligation,3
essentielle,4
franchir,1
deyoir,1
parées,1
affranchir,1
étiquette,1
souffre,1
vusage,3
défectueux,1
digestion,3
defemmesne,1
satisfaire,1
complétement,1
sensualité,1
emporte,1
létat,1
laborieuse,1
réparent,1
second,1
exposées,1
dévier,1
diététique,1
saine,1
dégagées,1
soir,1
torture,1
éprouyent,2
manger,1
satisfaisant,1
vheure,1
coucher,1
intempérance,1
sommeil,7
tigant,1
enchainement,1
malaises,1
indispositions,4
renouivelées,1
ébranlent,1
sante,3
fondemens,1
quwaux,1
éyacuations,1
suiyent,1
personne,11
exeés,1
cord,1
pourrions,3
démangeaisons,1
écoulemens,1
blanc,1
dartres,1
meuses,1
inflispositions,1
fort,2
initiés,1
pareils,1
mystéres,1
triste,1
privilege,1
consultés,1
incommodités,1
tableau,1
repoussant,1
incuries,1
perpeétue,1
paresse,1
représentera,1
imagination,1
considére,1
garnissent,3
changent,1
linge,2
mois,1
eroupissent,1
réchauds,1
quoiqu,1
apparens,1
exempt,1
devons,1
blamer,1
lors,3
sueur,3
menstruation,3
éyacuation,1
causer,1
imminens,1
insdispositions,1
pourvues,1
siége,1
sécrétion,1
permanente,2
réfrigérantes,1
frappées,2
spasme,1
dérangées,1
coliques,3
violentes,1
inflammations,1
reilles,1
imprudences,1
bornent,1
constant,1
corsées,2
fréquemment,2
uriner,1
deéjections,1
phénoméne,2
immediat,2
explique,1
consécutif,1
médecin,1
appartient,1
médiats,1
lusage,1
ranger,1
prédisposantes,1
dies,1
compression,1
supérieure,3
abdomen,1
chniques,1
refoulés,1
bassin,2
certain,2
dérangés,1
enrayées,1
prochaines,1
embarras,1
turgescence,1
dusystéme,1
veineux,1
remédier,1
puberte,1
truatyon,1
cern,1
menstruelles,1
méprises,1
commettre,1
soumettre,1
lesquelles,2
établit,1
traitement,2
joppement,1
mastodinie,1
sence,2
plement,2
ornement,1
fayoriser,1
pement,1
mariage,2
barb,1
bode,1
lanasiia,1
inhérentes,2
dispositions,1
saurait,2
espérer,1
céder,1
conforme,1
systéme,5
compose,2
vernement,1
personnel,2
restant,1
fluviales,1
éléve,1
nable,1
maintient,2
puissent,1
devenir,1
vhabitude,1
facilité,1
impression,2
péunible,1
produit,1
bain,26
immersion,1
gagne,1
davantage,3
trone,2
concentration,1
soustraction,1
certaine,4
quantite,1
lorique,1
bientot,1
horripilations,1
frissons,1
quitter,1
lorsquonnes,1
agite,1
énervante,3
affaiblit,2
anéantit,1
aussitét,1
appelle,2
reaction,1
sithieites,1
ondervy,1
nalgmanliall,1
egerin,1
errna,1
ohne,1
spveped,1
livre,3
entrer,3
hygiéne,2
dieu,1
epidaure,1
précieuse,2
lest,1
trouver,1
consolation,1
religion,1
montrent,1
susceptibles,1
siasme,1
compensation,1
faiblesse,2
exposée,2
affranchie,1
nest,1
excédant,1
force,5
bles,1
dénote,1
viennent,1
fortes,1
dites,2
vulgairement,1
lieu,1
délicates,1
péchant,1
affaiblie,1
intense,2
principe,2
réparateur,2
duire,1
sujets,1
débiles,1
appliquer,1
conclurons,1
vhygiéne,1
retirer,4
bons,2
flatte,1
vanité,1
appelé,1
exercices,1
oisiveté,1
nuisible,1
soutenu,1
cessif,1
inertie,1
diminuant,1
dérange,1
quilibre,1
exercice,2
respi,1
lente,1
aucun,1
souffrance,3
embon,1
bouffissure,1
vent,4
obésité,1
manifeste,1
dige,1
avancé,1
corporelle,4
assurer,2
promettre,1
jongévite,1
constante,3
développe,1
répare,1
appelous,1
communément,2
ménage,1
soccupent,1
voisiveté,1
épilatoires,1
friponnerie,1
adresse,1
terie,1
avertissemens,1
complet,1
tache,1
drions,1
tint,1
uniquement,1
plat,1
tique,2
lesse,1
venfance,1
éloigner,1
delle,1
hater,1
déclin,1
utiles,1
période,2
parfait,1
équilibre,2
entiérement,1
sexuel,1
nerveuse,1
susceptible,1
aberrations,1
lhygiéne,1
mestiques,1
nique,2
adaptent,1
constitutions,1
viduelles,1
iempérature,1
seul,2
garde,1
ablutious,1
inconveéniens,1
croyons,2
nuisent,1
pece,1
singulicrement,1
ralentie,1
luxe,2
portes,1
exees,1
sila,1
courtisane,1
feconde,1
chaste,1
plutot,2
minulieux,1
indispensables,1
dition,1
jouissances,1
multipliées,1
ducteurs,1
fémiuin,1
influencés,1
exterieurs,1
doués,1
exclusive,2
modifice,1
légéres,1
seringues,1
manceuvres,1
pouvons,1
posture,1
habituelle,1
cetie,1
opération,1
recourbé,1
vinstrument,1
seryent,1
deyient,1
long,2
heurter,1
délicatesse,2
ceyra,1
grave,3
choc,1
réitéré,1
métallique,2
olive,2
armées,1
gues,1
métal,1
linstrument,1
proposer,1
ajutage,1
grosse,1
gomme,1
élastique,1
voire,1
rendraient,1
entre,3
conseiller,1
frequent,1
confirme,1
vation,1
imprime,1
cachet,1
débilité,1
ettend,1
réprimer,1
propre,4
jeune,5
influe,1
développement,1
facultés,1
génie,1
écrits,1
bainsa,1
végardde,1
yenfance,1
semblerait,1
verité,1
voulu,1
déependre,1
culiers,1
erreur,1
approuver,1
ceptes,1
fondés,1
épreuves,1
iges,1
differens,1
quant,2
inutile,1
louer,1
gouvernantes,1
baignent,1
plusieurs,3
semaine,1
fans,1
blamons,2
ouvertement,1
liquides,1
rejeter,1
renferment,1
plomb,1
bismuth,1
arsenic,1
mercure,1
oxides,1
trent,1
composition,1
fards,1
altérent,1
sensiblement,1
culiérement,1
cenx,1
théatres,1
rouge,2
cinabre,1
provoque,2
livation,1
donne,3
mauvaise,1
haleine,1
taires,1
cosmeétiques,1
entretien,1
laissent,1
signalerons,1
élixir,1
odontalgique,1
deésirabode,1
entrent,1
alun,1
créme,1
tartre,1
esprit,3
cochléaria,1
teinture,1
payac,1
pyréthre,1
elixirs,1
lesquels,1
girofle,1
gamote,1
longuement,1
étendus,1
eaun,1
qualité,1
puisse,2
interdire,1
resteraitt,1
volonté,1
spontanée,1
ealculs,1
sagesse,1
vieilli,1
applique,1
indirectement,1
influencée,1
événemens,1
ticipent,1
mens,2
intimes,1
constitution,2
siveté,1
veille,4
retraite,1
régime,3
taire,1
particuliéres,1
priment,1
dens,2
durée,2
parait,3
feraient,1
villa,1
geoises,1
réfroidissement,1
jambes,3
minent,1
pense,1
éyiter,2
deja,2
signalé,1
auxquels,1
pure,1
convenance,1
eette,1
thése,1
satisfaite,1
maniéredont,1
raffinement,1
gout,2
accord,4
affectent,1
hiver,2
jour,6
prunelle,2
lésions,1
assujétie,2
évacuation,1
périodique,2
débarrasse,1
exbubérance,1
elleest,1
avabri,1
erand,1
sent,2
pléthore,1
sanguine,1
empressement,1
aaccueillir,1
promet,1
conserver,1
crainte,1
sentiment,1
amour,4
toutefois,1
motif,1
porte,2
dissimuler,2
leuraliéner,1
vordre,1
privée,3
fassent,1
unsystémed,1
dical,1
fond,2
prévoyance,1
réserve,1
couche,1
nuptiale,1
sympathie,1
féconde,1
volupté,1
seule,3
tenne,1
indiscrets,1
précédent,1
moment,1
étreintes,1
ordinairement,1
précaution,1
décence,1
réclame,1
appellent,1
chauffoir,2
lentir,1
varréter,1
prudent,1
expérience,2
obliger,1
precaution,1
pointse,1
serrer,1
conviendrait,1
pieces,1
pendues,1
lachement,1
fixées,1
touchant,1
savoir,1
apprecier,1
réiles,1
comparer,1
usent,1
frequemment,1
méconnaitre,2
quietude,1
relacher,1
détendre,1
ressorts,1
organique,2
moral,2
joug,1
apathie,1
plonger,1
vindolence,1
molesse,1
relachement,1
affaiblir,1
cité,2
elemens,1
médicales,1
seerétes,1
connues,1
centes,1
dangereuses,1
charlatanisme,1
pudeur,2
honte,1
placeée,1
cireonstances,1
craint,1
confier,1
médicastre,2
ignorant,1
vhomme,2
éclairé,2
quen,1
empyrigue,1
mystérieuse,1
déclarée,1
exception,2
comméres,1
femrses,1
nombreuse,2
clientelle,1
enétiseurs,1
somnambules,1
resses,1
tourbe,1
fripons,1
confiance,3
gens,1
crédules,1
continue,1
étencre,1
perpeétuer,1
déterminés,1
contraste,1
glacées,1
hermine,1
chincilla,1
recommander,1
fournis,1
paires,1
guétres,1
remplacer,1
plaider,1
gain,1
craignent,1
chausser,1
gros,1
laine,1
épais,1
sabots,1
villes,3
aight,1
pate,1
pore,1
easpt,1
éprouver,2
anxiéte,1
respirer,1
professeur,1
chaussier,1
apoplexie,1
témoin,1
dant,1
observer,1
trente,1
centig,1
telle,2
facen,1
liquide,1
dépassat,1
oule,1
déterminé,1
rigoureusement,1
suffisante,1
titude,1
dicieux,1
contester,1
vérité,1
compter,1
sexuelle,1
dérive,1
tiellement,1
dominant,1
téme,1
imprimer,1
phenoménes,1
derangemens,1
lites,1
échappent,1
calculs,1
theories,1
indications,1
suiyre,1
admettre,1
certitude,1
exceptons,1
calisées,1
thérapeutique,1
problématique,1
notoire,1
popu,1
leuses,1
seuffrance,1
voila,1
eause,1
trouyons,1
sition,1
accorder,1
quiconque,1
promesses,1
récits,2
merveilleux,2
aussienfaveurducharlatanisme,1
prévient,1
public,1
décide,1
fayeur,1
mérite,1
modeste,2
incaleculables,1
occasion,1
médicamens,1
cereux,1
prescrits,1
délivrés,1
seeau,1
secret,1
deyraient,1
préparer,1
banal,1
secrétes,2
yeux,2
boune,1
imaginaires,1
dogmatique,1
quent,1
colorées,1
empatement,1
épanouissement,1
employes,1
yues,1
journalier,1
repete,1
soyions,1
fien,1
eflicacité,1
voudrions,1
giéne,1
détourné,1
huit,1
quinze,1
remplirait,1
suflisamment,1
shim,1
imdications,1
dépendent,1
efficacité,1
fluence,1
vout,1
bedi,2
tete,1
shee,1
ones,1
bata,1
anne,1
vento,1
seer,1
beha,1
deeiie,1
wees,1
side,1
ghee,1
jone,1
oses,1
gere,1
feeln,1
cote,1
tana,1
vite,1
sine,1
ssrs,1
cele,1
sets,1
hijgo,1
kags,1
same,1
lire,1
defaut,1
atteinte,1
lagitation,1
proyoque,1
lecture,3
intéresse,1
yivement,1
fatigue,1
céde,1
repos,1
éveille,1
exalte,1
lisent,1
attachent,2
préférence,1
romans,1
extraordinaires,1
place,1
passion,1
peinte,1
duisantes,1
silence,1
nwit,1
donnant,1
libre,2
essor,1
funestes,1
tudes,1
yeuves,1
avertir,1
nocturnes,1
commander,1
soufrir,1
privation,1
eessaire,1
réeles,1
sévéres,1
angleterre,1
eflilées,1
voisines,1
renchérissent,1
sévérité,2
vouloir,1
gagner,1
coété,1
coté,1
tournure,1
guindeées,1
justes,1
portions,2
voyons,1
minces,1
tronc,1
croissance,1
affecte,1
conique,1
sommet,1
pensent,1
yeille,1
ennuyer,1
demain,1
abstraction,2
faite,2
commune,1
vivent,1
riodes,1
écoulées,1
adaptée,1
imposant,2
modifient,1
hahitudes,1
reportés,1
renversement,2
gots,1
éyidente,1
vobservateur,2
physionomiste,1
connatire,1
prime,1
abord,1
bitude,1
veiller,1
turnes,1
caves,1
larmoyans,1
tude,1
conséquences,1
proportionnée,1
vautre,1
anticiper,1
dormir,1
durant,1
fatigant,1
rend,1
thique,1
morose,1
chent,1
lévent,1
vaube,1
preuve,1
consultons,1
varient,1
phases,1
périodisme,1
saison,1
amusemens,1
printems,1
réparer,1
digne,1
remarque,1
sopérent,1
entrée,1
vhiver,1
médiocre,1
fatigantes,1
adapte,1
goiits,1
liens,1
maternels,1
irritable,1
émouvoir,1
traite,1
uniformes,1
aisance,2
gées,1
excéde,1
étranger,1
attributions,1
généraux,1
constans,1
identiques,1
sanitaire,1
quien,1
malheur,1
aspect,1
dation,1
édifiantes,1
agrestes,1
tenu,1
indispensable,1
suffisant,1
tantes,1
universelles,1
détails,2
suflisans,1
veut,1
occuper,1
maternelles,1
sein,2
opulence,1
servation,1
sache,1
économie,1
domicile,1
pénétrer,1
connattre,1
vyéritables,1
ménagéres,2
pourvoir,1
tains,1
interwalles,1
fatigans,1
borne,1
ampleur,1
dérober,1
quune,1
permettaient,1
trevoir,1
siécle,2
charlemagne,1
orieataux,1
envahirent,1
occident,1
subi,2
gemens,1
commencement,1
huitiéme,1
sarrazins,1
soumettant,1
ibérie,1
hissant,1
aquitaine,1
océanie,1
introduit,1
découvre,1
vestiges,1
croisades,1
chevaleresque,1
coartoisie,1
donnérent,1
haute,1
désir,1
déploya,1
ressources,1
acquit,1
réguliéres,1
vorable,1
phénomenes,1
tumulte,1
pable,1
déranger,1
harmonie,1
tales,1
sensibles,1
jouissent,1
meilleure,1
franches,1
décidées,1
mentées,1
solites,1
souyent,1
ardente,1
sams,1
tracasseries,1
rivalités,1
retirent,1
orgueil,1
triomphe,1
quittent,1
fiel,1
dépit,1
malaise,1
vives,2
contrariétes,1
onjugeait,1
préparées,1
apprécierait,1
parfaitement,1
chelle,1
sensibilite,1
gravité,1
incidens,1
susciter,1
émotions,1
remarquons,1
contrariété,1
névroses,1
rentrent,1
domaine,1
actes,1
essentiels,1
ciale,1
chacune,1
lier,1
recherches,1
minutieuses,1
geons,1
dessein,1
mentionner,1
naissance,1
adopte,1
continuelle,1
entravée,1
génerait,1
mouyemens,1
poisiveté,1
permis,1
yarier,1
doux,1
inde,1
alternativement,1
yélir,1
oubliée,1
envisagée,1
ausst,1
