Mot,Occurences
femme,523
grossesse,319
traitement,243
genitale,223
hygiene,219
accouchement,204
uterus,190
cause,173
enfant,160
dire,152
regles,149
sterilite,135
maladies,125
genital,122
troubles,120
systeme,115
vagin,107
operation,106
maladie,101
sang,99
causes,94
fecondation,87
mois,84
luterus,82
genitales,82
vulve,80
medecin,77
couches,75
ventre,73
moment,69
ceinture,68
question,66
suites,66
organes,63
ecoulement,63
menstruation,62
general,61
tumeur,61
bassin,61
lieu,59
amenorree,57
possible,56
done,56
apres,55
uterine,53
corps,53
tres,53
tantot,53
presentation,53
forme,52
puberte,51
hemorragie,51
point,51
pareil,50
menopause,50
tion,49
temps,49
sorte,48
effet,47
nerveux,47
moyens,46
contraire,46
mere,46
version,46
conception,45
organe,45
normal,45
fistule,45
gros,44
pessaire,44
fibrome,43
exemple,43
figure,43
assez,43
ovule,43
part,42
existe,42
deviation,42
matieres,42
cancer,41
malade,41
uterin,41
celui,41
nevralgie,41
savoir,41
jours,41
kystes,41
difficultes,41
auvard,40
place,40
deviations,40
douleurs,40
simple,39
contre,39
canal,39
enfin,39
prendre,39
mort,38
telle,38
arrive,38
quant,38
prolapsus,38
dysmenorree,38
produit,38
certains,37
parfois,37
epoque,36
injections,36
mieux,35
entre,35
ovaire,35
plusieurs,35
niveau,35
table,35
liquide,35
metrite,35
necessaire,34
avee,33
conditions,33
trompe,33
placenta,33
tete,33
couche,32
examen,32
nombre,31
difficile,31
cependant,31
volume,31
reste,31
seul,31
usage,31
ulerus,31
premier,31
donne,30
puis,30
puterus,30
main,30
genitaux,30
retour,30
delivrance,30
ulerine,30
devient,29
partie,29
gene,29
vessie,29
entend,29
bains,29
alphabetique,29
dechirure,29
rien,28
vient,28
suite,28
douleur,28
retention,28
urine,28
tions,28
facon,28
eviter,28
vaginale,28
role,28
injection,28
aucun,27
jusqu,27
generale,27
trouve,27
quoi,27
jour,27
diagnostic,27
egard,27
rapports,27
sexuels,27
position,27
kyste,27
danger,27
pourra,27
celles,27
enceinte,27
moyen,27
cordon,27
certaines,26
accou,26
parler,26
resultat,26
hemorragies,26
action,26
venfant,26
forceps,26
inflammation,25
conformation,25
toutefois,25
donner,25
intra,25
elre,25
perinee,25
foetus,25
peul,24
facile,24
relativement,24
completement,24
face,24
vaginal,24
normale,24
seins,24
divers,24
matrice,24
sage,24
temperament,24
constitue,24
presente,24
heures,24
degre,24
maternite,24
spermatozoide,24
recidive,23
regle,23
veut,23
quelque,23
agit,23
petit,23
expose,23
menorragie,23
vers,23
accouche,23
sante,23
sesse,23
siege,23
membranes,23
accidents,23
maniere,22
applique,22
produire,22
accoucheur,22
chement,22
consequence,22
grande,22
varices,22
voit,22
fausse,22
aucune,22
suivant,22
salpingo,22
ovarite,22
expulsion,22
artificielle,22
existence,21
sensation,21
indique,21
premiere,21
facilement,21
egalement,21
developpement,21
neurasthenie,21
rare,21
arriver,21
antisepsie,21
devenir,21
presque,21
fibromes,21
nouveau,21
produisent,21
diverses,21
cours,21
traite,21
qwil,21
massage,21
lait,21
gemellaire,21
guerir,20
medicaments,20
simplement,20
pratique,20
suffit,20
grand,20
chose,20
amene,20
besoin,20
homme,20
enfants,20
depend,20
laisser,20
autant,20
poche,20
muqueux,20
acide,20
vaccouchement,20
duree,20
geni,20
jamais,20
dechirures,20
fatigue,20
septicemie,20
exercice,20
enlever,19
consequences,19
pres,19
arriere,19
laquelle,19
rares,19
abord,19
frequentes,19
ulerin,19
tumeurs,19
ailleurs,19
lorsque,19
permettre,19
mariage,19
sterilile,19
soins,19
consiste,19
curage,19
parle,19
cesarienne,19
symptomes,18
influence,18
parmi,18
nerveuse,18
amener,18
bouche,18
voir,18
paroi,18
voici,18
appelle,18
signe,18
vaut,18
laccouchement,18
microbes,18
conseille,18
cellule,18
mouvements,18
douloureux,18
hydrotherapie,18
chloroforme,18
semaine,18
post,18
deformations,18
heure,17
quil,17
medicament,17
habituellement,17
humain,17
production,17
loperation,17
combien,17
autrement,17
petites,17
cing,17
inversion,17
cote,17
membres,17
extraction,17
designe,17
dant,17
aigue,17
vaginite,17
pelvi,17
seigle,16
periode,16
rectum,16
relative,16
guerison,16
fille,16
lulerus,16
compression,16
polypes,16
impossible,16
complete,16
source,16
medical,16
principales,16
tube,16
bout,16
partum,16
apparente,16
manceuvres,16
microbe,16
eaux,15
inconvenient,15
dent,15
grands,15
quwil,15
droit,15
compte,15
double,15
lenfant,15
jeune,15
solution,15
vuterus,15
devra,15
naissance,15
constituent,15
fond,15
variete,15
lorgane,15
embryon,15
mesure,15
aide,15
eprouve,15
nevralgies,15
propos,15
menstruelle,15
rupture,15
sysleme,15
formation,15
tenir,15
ordinaire,15
annexes,15
somme,14
cavite,14
avis,14
afin,14
tige,14
importance,14
expression,14
comprendre,14
interieur,14
quelquefois,14
vice,14
absolument,14
vent,14
sommet,14
lequel,14
force,14
resultats,14
modifications,14
faite,14
pouvoir,14
ulerines,14
fera,14
exposer,14
meme,14
conduite,14
pertes,14
bicyclette,14
ceuf,14
alimentation,14
telles,13
polype,13
porte,13
loin,13
coudure,13
flexion,13
situation,13
montre,13
deviennent,13
exactement,13
retreci,13
contact,13
livre,13
avortement,13
circulation,13
mettre,13
long,13
observe,13
chirurgie,13
derniers,13
puerperalite,13
presence,13
rapport,13
organisme,13
signes,13
premiers,13
cceur,13
meilleur,13
davantage,13
dela,13
grace,13
ovulation,13
frequente,13
constipation,13
recours,13
anneau,13
chambre,13
reprise,13
regime,13
symphyseotomie,13
salpingite,13
douloureuse,12
petite,12
puisse,12
fagon,12
retroflexion,12
miction,12
continue,12
hermaphrodisme,12
details,12
malformation,12
semaines,12
repos,12
tement,12
abdominale,12
malformations,12
doigt,12
nest,12
inutile,12
commence,12
ligament,12
trompes,12
mouvement,12
uterines,12
saurait,12
sperme,12
dependent,12
ensuite,12
permet,12
peau,12
echappe,12
vive,12
dessus,12
habitude,12
second,12
special,12
fort,12
habituelle,12
coton,12
imperforation,12
fistules,12
gravite,12
craindre,12
absolue,12
accouchements,12
maternel,12
chronique,12
ergot,11
electricite,11
operer,11
tissu,11
rendre,11
empecher,11
passe,11
sens,11
sexe,11
vivant,11
normales,11
mari,11
ration,11
conseiller,11
sanguine,11
personnes,11
communication,11
nombreuses,11
orifice,11
veines,11
outre,11
erreur,11
neuf,11
cetle,11
obstacle,11
ouvrir,11
certain,11
parties,11
vingt,11
existent,11
allaitement,11
autrefois,11
preference,11
personne,11
raison,11
ouverture,11
anus,11
points,11
prononcer,11
expliquer,11
trouble,11
mecanisme,11
connaitre,11
phenomene,11
quinze,11
grandes,11
inferieurs,11
bande,11
contenu,11
marche,11
cuisses,11
deuxieme,11
dirai,11
passage,11
douloureuses,11
maintenir,11
quelconque,11
application,11
surface,11
lite,11
phenomenes,11
dernier,11
sinon,11
extra,11
aliments,11
garde,11
tranchees,11
lement,11
osseuses,11
bosse,11
courir,10
chances,10
progres,10
faisant,10
semble,10
longue,10
terme,10
date,10
chute,10
grammes,10
retroversion,10
direction,10
indispensable,10
forment,10
quon,10
speciales,10
region,10
trai,10
manque,10
serie,10
parlerai,10
pouvant,10
porter,10
compose,10
variations,10
constitution,10
precaution,10
condition,10
petits,10
pronostic,10
sait,10
important,10
plaie,10
enleve,10
grave,10
coeur,10
importante,10
chacun,10
presenter,10
fecales,10
passer,10
atrophie,10
tache,10
seule,10
apparition,10
phenomeenes,10
elastique,10
ecoulements,10
sereux,10
coliques,10
graves,10
vergetures,10
toucher,10
instrument,10
haut,10
ballottement,10
notamment,10
respiration,10
veritable,10
penetrer,10
dites,10
sulfate,10
varietes,10
proprete,10
corset,10
contenus,10
complication,10
occlusion,10
membrane,10
albuminurie,10
chauds,10
equitation,10
accident,10
provoque,10
sero,10
mode,10
surmenage,10
longtemps,9
probable,9
laisse,9
pense,9
vrai,9
poudre,9
magnesie,9
vivre,9
latero,9
exact,9
pourvu,9
attendre,9
lovaire,9
observer,9
vices,9
exces,9
aves,9
mots,9
introduit,9
faudra,9
prend,9
resulte,9
ordinairement,9
conseilles,9
fixation,9
ovaires,9
quot,9
represente,9
penser,9
pansement,9
pourrait,9
medecins,9
effets,9
servir,9
sexuel,9
cons,9
recourir,9
habituelles,9
vesicule,9
fixe,9
symptome,9
saire,9
separe,9
surviennent,9
idee,9
menstruels,9
sent,9
absence,9
frequence,9
vulvite,9
ture,9
purgatifs,9
pouvez,9
bruit,9
environ,9
jumeaux,9
congestion,9
contraction,9
gallica,9
ballon,9
necessaires,9
approprie,9
dimensions,9
chaudes,9
suppression,9
tamponnement,9
retrecissement,9
bonne,9
veau,9
feconde,9
glaires,9
travers,9
dechire,9
favorable,9
mains,9
auxquels,8
virginica,8
sauf,8
demi,8
consequent,8
pedicule,8
particulier,8
aller,8
reellement,8
dure,8
suivante,8
tenesme,8
importantes,8
devia,8
glande,8
interne,8
unique,8
agir,8
traumatismes,8
rudimentaire,8
empeche,8
lymphatique,8
serieux,8
ques,8
partir,8
genre,8
lorifice,8
jaune,8
dangereuse,8
memes,8
litre,8
serieuse,8
calme,8
rdle,8
tissus,8
detail,8
schema,8
poire,8
chacune,8
devialions,8
pathologiques,8
frequents,8
vagi,8
divorce,8
suffisant,8
developpe,8
cdte,8
antedeviations,8
explique,8
precautions,8
huit,8
soigner,8
contractions,8
certitude,8
quatrieme,8
travail,8
juger,8
unes,8
inflammations,8
circulatoires,8
effort,8
resume,8
exception,8
vetements,8
vomissements,8
troisieme,8
bruits,8
potasse,8
emploi,8
donnera,8
reconnaitre,8
fasse,8
vaginales,8
sublime,8
coupe,8
genilales,8
veux,8
aussitot,8
amputation,8
legere,8
demande,8
chance,8
continuer,8
hydrorree,8
gemellite,8
amniotique,8
reutilisation,8
eponge,8
fillette,8
vagues,8
fant,8
necessite,8
instauration,8
delivre,8
vegetations,8
phlebite,8
reelle,8
complications,8
survient,8
conjugales,8
spermatozoides,8
regression,8
sein,8
sortie,8
fievre,8
puerperale,8
metal,8
sauver,8
eclampsie,8
manuelle,8
compliquee,8
determiner,7
deja,7
tuberculose,7
actuelle,7
menstruel,7
vesical,7
possede,7
tantdt,7
sexuelle,7
leger,7
doute,7
benigne,7
suivre,7
voyez,7
ouverte,7
ecoule,7
sert,7
peine,7
meilleure,7
sommaire,7
actuel,7
paccouchement,7
couchement,7
rend,7
chirurgical,7
termes,7
spontanement,7
tard,7
odeur,7
phenique,7
voperation,7
rhume,7
ches,7
pouvons,7
exister,7
tique,7
menace,7
conse,7
quence,7
reflexe,7
indiquer,7
guere,7
quest,7
fonctionnement,7
suffisante,7
constate,7
remedier,7
lorsqu,7
yous,7
different,7
difficulte,7
musculaire,7
considerable,7
vinterieur,7
poches,7
principaux,7
abaissement,7
malgre,7
constituee,7
operations,7
constamment,7
nettement,7
milieu,7
libre,7
variable,7
neces,7
reclame,7
cloison,7
penibles,7
voisinage,7
vagino,7
expliquez,7
sommeil,7
articulations,7
perdre,7
speciale,7
pratiquant,7
science,7
therapeutique,7
colonne,7
borique,7
bourrage,7
permanganate,7
peritonite,7
hematocele,7
retourne,7
comprenons,7
pied,7
pince,7
soin,7
nourrice,7
ulcerations,7
ilemorragie,7
viennent,7
repondre,7
crises,7
ordre,7
oeufs,7
relention,7
jeunes,7
provoquee,7
entree,7
canule,7
pelvien,7
nervosile,7
pieds,7
filles,7
enveloppe,7
minutes,7
speciaux,7
froid,7
embryotomie,7
physique,7
sonde,7
antiseptiques,7
linge,7
anteflexion,7
externes,7
mercure,7
mixtes,7
rencontre,7
cellulite,7
medicaux,6
disparaitre,6
analogues,6
efficace,6
vite,6
cauterisations,6
morphine,6
locale,6
doigts,6
fibreux,6
large,6
anormal,6
venir,6
monde,6
chaux,6
matin,6
appropriee,6
soigneusement,6
gouttes,6
teinture,6
generalites,6
preface,6
progressivement,6
exis,6
defecation,6
uriner,6
ferme,6
ensemble,6
parfaitement,6
excessivement,6
profondeur,6
simples,6
conclusion,6
medecine,6
mede,6
voudriez,6
femelle,6
reunis,6
lanteflexion,6
susceptible,6
extremite,6
articulation,6
saura,6
amour,6
arthritique,6
moindre,6
faible,6
rarement,6
dents,6
prevoir,6
externe,6
annees,6
mortalite,6
atteinte,6
produise,6
voulez,6
redouter,6
desagreable,6
pansements,6
sence,6
neanmoins,6
poperation,6
opera,6
abondantes,6
opiaces,6
fixer,6
aspect,6
jusque,6
etablir,6
deplacements,6
lautre,6
croire,6
tombe,6
sentir,6
difference,6
procreer,6
feminin,6
maux,6
joue,6
esprit,6
appelee,6
renseigner,6
modification,6
opposer,6
quils,6
suffisamment,6
sanguins,6
purulent,6
developpent,6
desire,6
reconnait,6
descente,6
premieres,6
pesanteur,6
lair,6
augmentation,6
rine,6
lever,6
serosite,6
foetal,6
heureusement,6
echoue,6
schultz,6
isole,6
incomplete,6
ordres,6
cordages,6
coccyx,6
diarrhee,6
gaze,6
trace,6
flanelle,6
pere,6
laxatifs,6
favorables,6
pulsations,6
male,6
amnios,6
abondance,6
commencer,6
caoutchouc,6
laudanum,6
arreter,6
preferable,6
employer,6
utile,6
vais,6
laminaire,6
reins,6
restent,6
exercices,6
voyages,6
cafe,6
potage,6
phlegmatia,6
serres,6
aseptique,6
froids,6
catheterisme,6
voiture,6
vhemorragie,6
ments,6
rachitisme,6
slerilite,6
feminines,6
masculines,6
survenir,6
garder,6
demander,6
changements,6
penetration,6
anteversion,6
cellulaire,6
tampons,6
rein,6
obstetrique,6
chaude,6
linterieur,6
toilette,6
obstetricales,6
vinflammation,6
realite,6
instruments,6
thorax,6
tire,6
diminuer,5
potassium,5
nette,5
actuellement,5
agissent,5
etranger,5
soumettre,5
terrible,5
puisque,5
ablation,5
rouge,5
tirer,5
employes,5
dernieres,5
desir,5
cheur,5
precoce,5
prise,5
subit,5
autour,5
alcool,5
uniquement,5
dott,5
angle,5
pathologique,5
arrivons,5
frequent,5
microscope,5
hermaphrodite,5
lion,5
attention,5
principe,5
laissez,5
peritoneale,5
ouvre,5
caillot,5
principes,5
melange,5
anneaux,5
voyons,5
interesse,5
formes,5
ceci,5
caracteres,5
resulter,5
resultent,5
parlez,5
division,5
contenter,5
retard,5
gueri,5
chirurgien,5
consulte,5
nage,5
bonnes,5
energique,5
soude,5
soupe,5
toux,5
gestante,5
ennui,5
malheureusement,5
cent,5
faciliter,5
consulter,5
intermediaires,5
chemin,5
neurasthenique,5
aulres,5
genilaux,5
vement,5
union,5
yeux,5
femmes,5
directement,5
quune,5
possibles,5
conseil,5
curable,5
lune,5
bientot,5
simultanement,5
retrodeviation,5
pose,5
produite,5
muscles,5
tele,5
tance,5
voire,5
nombreux,5
periodes,5
periodique,5
ceeur,5
precis,5
referme,5
sutures,5
abricot,5
volumineux,5
exacte,5
multiples,5
pelvienne,5
maladif,5
changement,5
parait,5
pris,5
interet,5
questions,5
naitre,5
communiquer,5
recto,5
vesicale,5
genee,5
masse,5
anemie,5
habituels,5
obtenir,5
sensibilite,5
cocaine,5
malades,5
figures,5
pouves,5
remettre,5
eles,5
entendu,5
endometrite,5
ligature,5
glace,5
crois,5
liste,5
termine,5
antiseptique,5
bons,5
sejour,5
qwon,5
retro,5
suffire,5
intervention,5
grosse,5
sion,5
commerciale,5
exposent,5
evite,5
suivants,5
rond,5
livrer,5
boucles,5
aeration,5
plaies,5
nement,5
supplementaires,5
ilygiene,5
parturiente,5
conduit,5
oublier,5
quantite,5
cadre,5
scientifique,5
pays,5
insufflation,5
reprendre,5
passant,5
decollement,5
perforation,5
preparee,5
arrete,5
fail,5
elements,5
abstenir,5
cheval,5
frais,5
fleurs,5
repas,5
cuits,5
accouchee,5
alba,5
dolens,5
quarante,5
acte,5
developper,5
disparaissent,5
osseux,5
dilatation,5
appareil,5
toile,5
maintient,5
serre,5
hymen,5
nourriture,5
diaphragme,5
gravile,5
masque,5
tales,5
quotidienne,5
cerlaines,5
pene,5
slerilile,5
circonstances,5
beurre,5
chaise,5
suivent,5
opposition,5
foie,5
perd,5
assurer,5
vulvaire,5
cessation,5
seconde,5
vaginaux,5
bapteme,5
areole,5
infection,5
abus,5
sages,5
fusion,5
genitalite,5
steri,5
analytique,5
lochies,5
connaissance,5
necessiter,5
consistance,5
devant,5
espoir,5
successivement,5
surveiller,5
froide,5
acces,5
ameenorree,5
adherence,5
bichlorure,5
circons,5
ennuis,5
lamenorree,5
tale,5
declaration,5
preparatifs,5
redresse,5
epaule,5
internes,5
opere,5
therapeu,5
cerebral,5
debris,5
vovule,5
reconnail,5
appui,5
redresser,5
maligne,5
lusage,4
minerales,4
lumeurs,4
humide,4
evolue,4
bistouri,4
langue,4
fruit,4
sessile,4
base,4
commode,4
calculs,4
rapporter,4
prevision,4
enervement,4
tarde,4
coup,4
anterieure,4
essence,4
medi,4
tence,4
nait,4
auquel,4
precise,4
inferieurement,4
coude,4
ligne,4
verrons,4
individu,4
testicule,4
corrige,4
prefere,4
ditions,4
abces,4
diminue,4
heureuse,4
salutaire,4
anormale,4
brides,4
canaux,4
defini,4
retenons,4
definir,4
dabord,4
divise,4
visthme,4
entravee,4
appuie,4
condi,4
gener,4
gauche,4
celle,4
duit,4
pusage,4
canadensis,4
venons,4
calculer,4
notablement,4
largement,4
fruits,4
sain,4
rapide,4
sieurs,4
possibilite,4
peritoine,4
exposee,4
affligee,4
cuilleree,4
tent,4
lions,4
palpitations,4
qwentend,4
comprend,4
certainement,4
pouvait,4
obstetrical,4
gonflement,4
secretion,4
categories,4
prononce,4
taines,4
consideration,4
fagons,4
retournement,4
plutot,4
fecondee,4
aboutir,4
faciles,4
trouver,4
placee,4
sensations,4
moitie,4
relations,4
mala,4
donnerai,4
description,4
prenez,4
derniere,4
nisme,4
trouvent,4
vhomme,4
fonction,4
mauvaise,4
sympathiques,4
engagement,4
cole,4
trailement,4
cite,4
grossir,4
sanguin,4
vovaire,4
distingue,4
adulte,4
varie,4
augmente,4
poids,4
abdominales,4
repete,4
ptyalisme,4
croit,4
savon,4
succes,4
auteur,4
genitalgie,4
distinguer,4
doulou,4
chlorose,4
exte,4
sachiez,4
reel,4
choix,4
emploie,4
cher,4
dirige,4
incurables,4
urinaire,4
allez,4
indiquent,4
utero,4
supposez,4
pourriez,4
impossibilite,4
quinine,4
veritables,4
inhalations,4
legeres,4
nient,4
sacro,4
iliaques,4
ligaments,4
marque,4
ramollissement,4
composent,4
comprime,4
sila,4
oblige,4
inconvenients,4
uterins,4
variabilite,4
examine,4
abdominal,4
granules,4
meres,4
public,4
hauteur,4
ragie,4
emission,4
etat,4
compli,4
pourries,4
maintenu,4
parois,4
demangeaisons,4
cardiaques,4
origine,4
vaginile,4
traiter,4
hydrophile,4
pelviens,4
generales,4
salpingile,4
complexes,4
terminant,4
decide,4
traire,4
decider,4
certaine,4
depression,4
terus,4
constituees,4
lovule,4
soigne,4
habituel,4
energiques,4
verre,4
exceptionnellement,4
rompues,4
confier,4
russe,4
tricot,4
cheveux,4
traction,4
ment,4
tubaire,4
hemorra,4
vexistence,4
examiner,4
deji,4
bibliotheque,4
france,4
propriete,4
code,4
document,4
definition,4
mucosites,4
lation,4
dispositif,4
toules,4
cein,4
serviette,4
quentes,4
douze,4
operalion,4
reproduction,4
dite,4
sterile,4
precedemment,4
malaises,4
dependant,4
particuliers,4
blanches,4
allaite,4
defaut,4
abdomen,4
deconseilles,4
puree,4
legumes,4
sept,4
insuffisant,4
croissance,4
pubis,4
affection,4
nervosite,4
etroit,4
reuse,4
complique,4
bandage,4
velements,4
rure,4
cure,4
tures,4
distractions,4
envies,4
dechi,4
subinvolution,4
ulcereuse,4
accoucheurs,4
modere,4
forces,4
mens,4
devront,4
inutiles,4
cepen,4
essayer,4
dangereux,4
manger,4
pommes,4
choux,4
laide,4
plein,4
promenades,4
fines,4
viandes,4
rationnel,4
reussite,4
rapidement,4
definitive,4
reprend,4
expli,4
auto,4
fetus,4
dangers,4
ternes,4
germinative,4
couchee,4
teme,4
congenitaux,4
liqueur,4
insuffisance,4
terminer,4
muco,4
rable,4
apparence,4
dance,4
penetre,4
empechent,4
1000,4
causees,4
precedent,4
dilate,4
eloigner,4
objets,4
masculine,4
depose,4
fecon,4
trite,4
battement,4
nerveuses,4
legale,4
enveloppes,4
tiede,4
exterieures,4
tances,4
ressource,4
echappent,4
indication,4
bain,4
cuivre,4
ticemie,4
paquet,4
phemorragie,4
tentative,4
vertebrale,4
montrer,4
seplicemie,4
sort,4
tardive,4
plancher,4
drap,4
nouvel,4
montgomery,4
sacrum,4
saisit,4
douches,4
relreci,4
etendue,4
lige,4
recoudre,4
suile,4
perineorraphie,4
ovarile,4
fenetre,4
lacte,4
conserve,4
squelette,4
promontoire,4
purulente,4
transformations,4
donnent,3
lelectricite,3
mettant,3
survenant,3
penible,3
profondement,3
narrive,3
lier,3
diminuees,3
diminution,3
erreurs,3
pouvaient,3
changer,3
suppose,3
accoucher,3
retentissement,3
disposition,3
posterieure,3
moyennement,3
vhygiene,3
guerira,3
hygitne,3
retrodeviations,3
ouvert,3
comprimer,3
laterodeviations,3
gane,3
permettent,3
deplacer,3
droite,3
verge,3
doutes,3
quapres,3
affirmer,3
fait,3
susceplibles,3
marier,3
tains,3
interessent,3
rester,3
facgon,3
genilal,3
sortes,3
eloignees,3
sphere,3
terminaison,3
entourent,3
quentend,3
etre,3
plan,3
contente,3
expliques,3
listhme,3
difficilement,3
franchir,3
seuls,3
viations,3
vetat,3
longueur,3
elever,3
considerations,3
distension,3
poitrine,3
illusoires,3
provoquer,3
ducol,3
calcul,3
ajouter,3
faute,3
obstelrique,3
exclusivement,3
genent,3
voulues,3
propre,3
atteint,3
linfluence,3
tules,3
voila,3
decin,3
attacher,3
gramme,3
piece,3
thym,3
maladifs,3
emblee,3
secousses,3
etal,3
aconit,3
importants,3
finit,3
reviens,3
attend,3
precision,3
vepoque,3
bable,3
repere,3
retenir,3
tumefaction,3
disparait,3
instant,3
parti,3
predispose,3
imprime,3
eclosion,3
deve,3
declare,3
volonte,3
execute,3
etudier,3
semblable,3
nulle,3
renversement,3
accentue,3
comprimant,3
besoins,3
celte,3
reserve,3
enflamme,3
collegue,3
accord,3
feconder,3
arrivent,3
sant,3
accom,3
rendent,3
faits,3
arret,3
accentuee,3
contenait,3
expulser,3
aisement,3
ganes,3
isthme,3
ascension,3
migraines,3
explication,3
comprennent,3
plume,3
caracterisee,3
presenta,3
examinant,3
omettre,3
deviez,3
lesquels,3
eclairer,3
mener,3
rent,3
appari,3
confond,3
prescrire,3
dependre,3
montrent,3
resoudre,3
diminuent,3
tranquille,3
pelils,3
precurseurs,3
varieles,3
lume,3
symp,3
consistent,3
abondant,3
jointe,3
permettra,3
laissera,3
faicheuse,3
dentiste,3
rarete,3
resigner,3
salutaires,3
abondante,3
remedes,3
efficaces,3
intestin,3
admet,3
croyant,3
regularite,3
povule,3
rompt,3
reuses,3
pression,3
caractere,3
uleerations,3
revele,3
rhumatisme,3
abaisse,3
vorifice,3
traile,3
merite,3
connailre,3
accompagnent,3
tante,3
noirs,3
verrez,3
secondes,3
dailleurs,3
groupes,3
sortir,3
equilibre,3
rebelles,3
calmants,3
antipyrine,3
valeriane,3
reussissent,3
calmer,3
medication,3
fatigues,3
perte,3
sonnes,3
appartient,3
saillie,3
coincidant,3
dits,3
enumeration,3
souffre,3
alteration,3
entraver,3
arracher,3
proceder,3
inconve,3
anormaux,3
remede,3
diffi,3
nent,3
confondent,3
partisan,3
parfaite,3
hypertrophie,3
guerit,3
quitte,3
interstitiel,3
blanc,3
extraire,3
metrorragies,3
adherences,3
choc,3
deplace,3
disons,3
sucre,3
haute,3
dose,3
estomac,3
boissons,3
modifie,3
reussit,3
agisse,3
appeles,3
aupres,3
doctoresse,3
restera,3
donnant,3
periodicite,3
hemor,3
lovulation,3
choses,3
approche,3
combiner,3
combinent,3
complexe,3
quer,3
joindre,3
combinees,3
fixent,3
intolerables,3
loureux,3
duriner,3
rement,3
signalerai,3
ulterine,3
mation,3
iodoformee,3
voisins,3
places,3
riviere,3
distinction,3
sixieme,3
vulvile,3
reflexes,3
dessous,3
presentent,3
eten,3
regulierement,3
fatiguee,3
resullat,3
pourront,3
atteintes,3
opposes,3
bref,3
deforme,3
venez,3
centre,3
synonyme,3
employe,3
connu,3
superieur,3
rele,3
cascara,3
sagrada,3
naturellement,3
intensite,3
sieger,3
modeles,3
colporraphie,3
chee,3
rines,3
chorion,3
convulsions,3
genilale,3
gies,3
ilermaphrodisme,3
vard,3
conclure,3
reproductions,3
provenant,3
maintien,3
mention,3
service,3
utilisateur,3
utilisation,3
aspirer,3
toires,3
elargit,3
ophtalmie,3
tiques,3
minime,3
normalement,3
fixant,3
lateralement,3
remonter,3
garnir,3
consecutifs,3
resserrer,3
appliquer,3
change,3
arre,3
sexes,3
qwun,3
reproduire,3
flammation,3
auxquelles,3
sereuses,3
bourdonnements,3
oreilles,3
vision,3
cele,3
flux,3
reviennent,3
gure,3
pain,3
mille,3
coque,3
chaud,3
brouilles,3
purgalifs,3
tisane,3
durine,3
crainte,3
autorise,3
asseoir,3
pleine,3
demanderons,3
efforts,3
fonctions,3
activite,3
generaux,3
sique,3
largeur,3
parail,3
sance,3
commencent,3
feminine,3
jeux,3
capables,3
neurastheniques,3
apprecier,3
sujets,3
fini,3
cesa,3
rienne,3
dange,3
supporter,3
fine,3
vaisseaux,3
insufflateur,3
inertie,3
congenitale,3
incontinence,3
thermale,3
nees,3
thoraciques,3
breche,3
degagement,3
rhumes,3
nales,3
cation,3
absolues,3
curables,3
introuvables,3
vegetante,3
relatives,3
echapper,3
appa,3
sais,3
delivree,3
humaine,3
subir,3
direct,3
titre,3
modele,3
fortes,3
baleines,3
pessaires,3
specialement,3
anor,3
dysme,3
norree,3
intellec,3
mauvaises,3
mols,3
aprees,3
indi,3
couple,3
servis,3
fondu,3
terre,3
verts,3
crus,3
haricots,3
tenu,3
forts,3
amandes,3
doil,3
quinzaine,3
appartement,3
jambon,3
incriminer,3
regulieres,3
negligence,3
allons,3
aborder,3
ferait,3
ecou,3
hemorragique,3
nouvelle,3
poser,3
touche,3
accessible,3
port,3
meil,3
connus,3
proportion,3
concerne,3
elat,3
frictions,3
ether,3
laryngien,3
vicies,3
heredite,3
posi,3
involution,3
aine,3
sement,3
congestions,3
empoisonnement,3
provient,3
meilleurs,3
esperer,3
curiosites,3
renseignes,3
interessantes,3
perineale,3
majorite,3
cavile,3
difficiles,3
mauvais,3
prescrit,3
lette,3
lhemorragie,3
contracte,3
caillots,3
glisse,3
savez,3
semblent,3
fice,3
regions,3
penetrent,3
entrer,3
habi,3
embonpoint,3
cete,3
retrecit,3
profonde,3
acquis,3
occupe,3
susceptibles,3
inflamma,3
cale,3
court,3
fourni,3
leucorree,3
symphyse,3
nile,3
bles,3
nitales,3
oeuf,3
vaire,3
formule,3
capable,3
confere,3
introduction,3
vivement,3
demangeaison,3
ultime,3
emaille,3
robinet,3
propres,3
accompagne,3
appele,3
minimum,3
venient,3
lave,3
devraient,3
momentanement,3
quart,3
appropries,3
normaux,3
foree,3
vitelline,3
meetrite,3
metrorragie,3
berceau,3
compliques,3
ciree,3
exceptions,3
connues,3
arrivera,3
puerpera,3
prenant,3
commencons,3
criminel,3
restriction,3
realiser,3
steriles,3
appareils,3
refroidissements,3
intellectuel,3
vicie,3
executee,3
enlevee,3
compris,3
milliers,3
froides,3
verite,3
scientifiquement,3
pratiquer,3
liquides,3
relrect,3
instrumentale,3
choisir,3
risques,3
supprime,3
prolongee,3
indolores,3
ignorons,3
retrecissementdu,3
difficulles,3
deformation,3
expulsee,3
puberle,3
successi,3
partant,3
emotion,3
moral,3
nuit,3
saisir,3
tirant,3
habilete,3
laine,3
desang,3
annexe,3
habile,3
orifices,3
isolee,3
retrecir,3
arrivant,3
mamelon,3
speculum,3
lanneau,3
cinquante,3
supporte,3
chair,3
lergot,2
vhamamelis,2
vogue,2
reusement,2
galvanique,2
pole,2
succomber,2
perspective,2
lents,2
repu,2
gnante,2
evitez,2
pourrai,2
evolution,2
lhabitude,2
lutte,2
moments,2
triste,2
qwen,2
agissant,2
molles,2
pediculee,2
langage,2
courant,2
precede,2
supprimees,2
ceinte,2
tendance,2
venu,2
idees,2
noires,2
enerve,2
future,2
contraires,2
faux,2
fdcheux,2
gingivile,2
phosphate,2
soir,2
chargee,2
carbonate,2
gris,2
menthe,2
caments,2
gestion,2
niere,2
mire,2
branches,2
recapitulons,2
trait,2
depasse,2
eloigne,2
formant,2
notion,2
alterations,2
recouvert,2
luleerus,2
rage,2
souple,2
rectiligne,2
lant,2
vthomme,2
vindividu,2
cule,2
repose,2
revelant,2
structure,2
leve,2
douteux,2
conforma,2
ardues,2
particulierement,2
apercevoir,2
patience,2
suppuration,2
pendre,2
atteints,2
vulvalgie,2
vaginalgie,2
vaginodynie,2
ovaralgie,2
ovarodynie,2
exceptionnels,2
abees,2
hematoceele,2
rait,2
propose,2
hater,2
tiennent,2
passible,2
incom,2
plet,2
ferment,2
esquisse,2
hematometre,2
llermaphrodisme,2
signifie,2
exaclement,2
antero,2
expliquant,2
connaissons,2
rappelez,2
superieure,2
reunion,2
bouge,2
incline,2
negliger,2
simplifier,2
index,2
moyenne,2
reunit,2
vulvo,2
beaux,2
west,2
enfermee,2
bonheur,2
belle,2
remplie,2
intelligence,2
domine,2
remplit,2
intelligemment,2
aime,2
digne,2
tempera,2
decolle,2
horizontale,2
vetement,2
entrave,2
attenuer,2
fdcheuse,2
giene,2
avance,2
volre,2
cerlainement,2
compter,2
cicatrisation,2
prennent,2
cancereux,2
voisi,2
beau,2
localise,2
pute,2
totale,2
devenu,2
excellent,2
ignore,2
enorme,2
prouver,2
ouvrant,2
serail,2
survenue,2
caustique,2
panse,2
chlorure,2
salicylique,2
grosses,2
volumineuses,2
depassent,2
rendant,2
jointes,2
predisposees,2
traitera,2
vesicatoires,2
volants,2
pointes,2
combine,2
laurier,2
cerise,2
palpita,2
bronches,2
poumons,2
troublant,2
ralite,2
generique,2
gner,2
feront,2
savons,2
effectivement,2
ston,2
soixante,2
calendrier,2
rapi,2
dement,2
venus,2
presentant,2
offrant,2
veclosion,2
accidentelle,2
identique,2
neuras,2
verra,2
arthritisme,2
deviner,2
reveil,2
voudries,2
rapproche,2
constater,2
veneriennes,2
varia,2
couleur,2
semblables,2
affaire,2
fournis,2
foetales,2
feetale,2
ront,2
suffi,2
procreation,2
molif,2
plissent,2
indiscutable,2
medicalement,2
manquent,2
vraisemblable,2
suivi,2
marquee,2
senti,2
rendrez,2
pensez,2
doubles,2
esten,2
ruptures,2
viens,2
paresie,2
laction,2
germes,2
folie,2
guerissez,2
dies,2
physiologie,2
savent,2
etudes,2
mouche,2
chasser,2
voulu,2
impor,2
orga,2
lemperament,2
entendre,2
lerdle,2
primordial,2
deviendra,2
etudiant,2
senter,2
corriger,2
symplomes,2
interessants,2
eprouvera,2
conseils,2
grossit,2
plat,2
alea,2
tombee,2
utiles,2
apprecie,2
gestation,2
surveille,2
cautions,2
aident,2
digitale,2
envahissant,2
legerement,2
plutdt,2
soutenir,2
habituee,2
rant,2
faisait,2
serrant,2
amenent,2
dige,2
insuffisante,2
institue,2
operatoire,2
symplemes,2
sanguinolents,2
laparatomie,2
hydrosalpinx,2
recidives,2
povaire,2
pomme,2
orange,2
lete,2
pheure,2
parovarium,2
tomes,2
traduisent,2
pesan,2
intervalle,2
temoin,2
qwune,2
sige,2
empechera,2
necessitera,2
devise,2
distendue,2
vergelures,2
volumineuse,2
dirait,2
irregulieres,2
mentation,2
exageree,2
reflexion,2
loureuse,2
carla,2
salivation,2
forte,2
enceintes,2
sesses,2
nerfs,2
quwils,2
percus,2
percevoir,2
gonfler,2
parlant,2
grossesses,2
depenses,2
parentes,2
identiques,2
pune,2
synonymes,2
exterieur,2
comples,2
intention,2
entendant,2
conserver,2
eltre,2
rite,2
competence,2
tardera,2
zone,2
cancereuses,2
intesti,2
naux,2
infirmite,2
interessee,2
egale,2
uretrale,2
blessure,2
spontanees,2
classification,2
retient,2
constante,2
espece,2
deformee,2
lexpulsion,2
irritation,2
secondaire,2
servent,2
paullinia,2
momentane,2
durable,2
electri,2
herpes,2
coin,2
appetit,2
particulitrement,2
pleure,2
nevral,2
rante,2
marquees,2
accentuees,2
mence,2
commen,2
surement,2
permettront,2
feetal,2
ordinaires,2
derives,2
localement,2
soulager,2
guerissent,2
pubienne,2
destine,2
vives,2
considerablement,2
obligee,2
martin,2
portee,2
relichement,2
nulles,2
pren,2
pois,2
frequemment,2
recou,2
suffira,2
dependance,2
tenant,2
clair,2
sale,2
tionne,2
trocart,2
vider,2
enle,2
vant,2
simullanement,2
lest,2
preferent,2
coquetterie,2
boule,2
laccou,2
gomme,2
laver,2
atropine,2
relation,2
brdlure,2
pyrosis,2
supprimee,2
bois,2
totalement,2
incoercibles,2
faveur,2
blera,2
guide,2
pensent,2
trente,2
reglees,2
graaf,2
ovisac,2
remplissant,2
plit,2
rompre,2
creer,2
pliquer,2
rile,2
patholo,2
giques,2
coexistent,2
borner,2
eloignes,2
reclum,2
digestif,2
ceur,2
lube,2
abcees,2
ainst,2
terminee,2
nitrate,2
bour,2
2000,2
tendu,2
melanger,2
viendront,2
consultez,2
hemato,2
colpos,2
pingo,2
cellu,2
ragies,2
coccycodynie,2
vegetalions,2
lintermediaire,2
mince,2
renouvele,2
guerie,2
recommencer,2
auparavant,2
experience,2
voulait,2
exemples,2
heureux,2
considerant,2
dapres,2
souffrances,2
formelle,2
souffrir,2
hysterique,2
heureuses,2
concluez,2
comparaison,2
pelit,2
abri,2
devie,2
decrire,2
lelat,2
vheure,2
prononcee,2
trice,2
revenir,2
nolre,2
mene,2
concu,2
issu,2
sujel,2
direc,2
tentalives,2
therapeutiques,2
user,2
vindication,2
tain,2
podophyllin,2
evonymine,2
calcinee,2
citrate,2
psyllium,2
cuillere,2
janos,2
montmirail,2
precoces,2
auscultation,2
confondre,2
excep,2
incidemment,2
delicat,2
siegent,2
peri,2
categorie,2
precaulions,2
nettoie,2
occu,2
pations,2
consecutives,2
chan,2
colostrum,2
complet,2
coiffure,2
nopause,2
climat,2
gemel,2
coryza,2
trigemellaire,2
gnostic,2
iemorragie,2
tampon,2
heemorragie,2
fibro,2
ilematocele,2
apparent,2
ilematocolpos,2
tificielle,2
ilydrotherapie,2
avancee,2
ausst,2
curiosite,2
anterieures,2
aboutissent,2
exagere,2
domaine,2
juillet,2
1978,2
publication,2
academique,2
respect,2
legislation,2
vigueur,2
licence,2
article,2
soumis,2
privee,2
prealable,2
partenaire,2
intellectuelle,2
presentes,2
prevue,2
verifier,2
engage,2
dispositions,2
amende,2
voies,2
circu,2
syphilis,2
respiratoires,2
libres,2
appliquee,2
dair,2
respire,2
principal,2
paupieres,2
antisep,2
quau,2
preventif,2
praevia,2
lavements,2
epaisse,2
seiller,2
munie,2
couture,2
clandestins,2
avortements,2
deuil,2
croyions,2
plantes,2
animaux,2
fonctionnent,2
hermaphro,2
alleinte,2
vinfluence,2
linflammation,2
rilile,2
lesquelles,2
durent,2
brusque,2
reguliere,2
teur,2
endo,2
tardent,2
particularite,2
asthme,2
angoisse,2
precordiale,2
sueurs,2
polyurie,2
diarrhees,2
correspondant,2
duire,2
epistaxis,2
experi,2
fatigants,2
danse,2
quoique,2
compromettre,2
males,2
biscuit,2
quantile,2
moderee,2
grille,2
infusions,2
camo,2
liqueurs,2
plats,2
tasse,2
viande,2
poisson,2
secs,2
robe,2
lais,2
rhubarbe,2
tamarin,2
casse,2
purgation,2
lendemain,2
montee,2
nourrit,2
coif,2
aper,2
remedie,2
reels,2
passagere,2
lorganisme,2
physiologique,2
manifestations,2
prononces,2
vapeurs,2
chaleur,2
rougeur,2
vertiges,2
psychiques,2
physiques,2
paraissent,2
hanches,2
augmenter,2
enfance,2
transformer,2
crest,2
amitie,2
feconda,2
entra,2
tenaces,2
violentes,2
fausses,2
chapitres,2
fastidieux,2
mentionne,2
melrorragie,2
sequent,2
exercee,2
pantisepsie,2
vembryotomie,2
precedentes,2
elargissement,2
ceps,2
progressive,2
rendrait,2
replier,2
indispensables,2
irritent,2
mailles,2
manieere,2
segment,2
arti,2
appliquera,2
pareille,2
lvenfant,2
modifier,2
serieusement,2
sentiment,2
portant,2
texte,2
enseignement,2
1902,2
invente,2
larynx,2
indicateur,2
devy,2
palper,2
nostic,2
injecteur,2
menstrua,2
chlo,2
acquise,2
impuissance,2
dentifrice,2
classifi,2
calion,2
deechirures,2
yuterus,2
laterales,2
compliquees,2
diabete,2
provo,2
conju,2
ceintures,2
gles,2
caduques,2
cataplasmes,2
ramener,2
vergot,2
hate,2
laires,2
chiffres,2
truation,2
lhydrotherapie,2
preoccupe,2
quent,2
addition,2
lentree,2
tration,2
causee,2
essaye,2
artifi,2
cielle,2
qwentendez,2
seringue,2
trer,2
suffisantes,2
electricile,2
hemostatiques,2
vhydrastis,2
motif,2
causale,2
tuelles,2
entraine,2
finissent,2
tives,2
portante,2
sport,2
soumette,2
sains,2
considerer,2
atten,2
tive,2
interesser,2
menages,2
gueere,2
famille,2
siens,2
ressources,2
poissons,2
maigres,2
sole,2
friture,2
pure,2
lentilles,2
delicats,2
pind,2
insuffisamment,2
noix,2
tite,2
grasses,2
cremes,2
comporter,2
disions,2
contentera,2
venait,2
rendue,2
cinquieme,2
moilie,2
soulever,2
habitation,2
fauteuil,2
circuler,2
levent,2
compo,2
epices,2
epais,2
jaunes,2
cuit,2
noir,2
battu,2
lard,2
versees,2
pore,2
etude,2
vexamen,2
discutable,2
serieuses,2
paraisses,2
entreprendre,2
dges,2
critiques,2
meno,2
pause,2
gymnastique,2
suedoise,2
faille,2
lavages,2
elablit,2
devienne,2
sperma,2
tozoides,2
jouer,2
detruit,2
demandent,2
suivantes,2
soulagera,2
excessive,2
boheme,2
facilite,2
diaques,2
abandonner,2
breux,2
sinapismes,2
cutanee,2
bras,2
vinsufflation,2
anlisepsie,2
autoclave,2
avorlement,2
plication,2
purulentes,2
feeticulture,2
pommade,2
ventilation,2
vitellus,2
ventrofixation,2
forma,2
degres,2
laparotomie,2
jarrelieres,2
graines,2
gowland,2
expres,2
coma,2
poison,2
tionnement,2
minurie,2
absolu,2
diuretiques,2
lembryotomie,2
disparaitront,2
bapleme,2
sions,2
signale,2
mefier,2
jaunatre,2
titue,2
adresser,2
consi,2
affronter,2
aimerions,2
malforma,2
inflam,2
matoires,2
sott,2
abouchements,2
etats,2
pages,2
varier,2
combattre,2
lits,2
mous,2
favorisent,2
veiller,2
psychique,2
societe,2
injec,2
nettoyant,2
nettoyage,2
etroitesse,2
defloree,2
poussieres,2
faci,2
circulent,2
espace,2
vacuite,2
qwelle,2
lurine,2
visites,2
flamme,2
tremper,2
suffisants,2
hamamelis,2
expeditif,2
glacee,2
uhemorragie,2
feres,2
entends,2
plaisirs,2
blennorragie,2
laves,2
parlerons,2
atrophient,2
transition,2
live,2
existant,2
gorie,2
faudrait,2
supposons,2
endome,2
viable,2
medicale,2
ouver,2
comporte,2
revient,2
perdue,2
retablit,2
lymphatisme,2
maternile,2
stigmate,2
considera,2
gynecologiques,2
traumatis,2
lceuf,2
introuva,2
accrochement,2
cephalique,2
successifs,2
claustrale,2
4105,2
crepusculaire,2
hydropisie,2
abon,2
nephrite,2
blane,2
okuf,2
dentaires,2
alexander,2
rins,2
actuelles,2
obstetricale,2
valable,2
vulerus,2
ener,2
cessent,2
augure,2
palit,2
apercu,2
matins,2
lotion,2
ajoute,2
assure,2
exercer,2
violent,2
premature,2
considerees,2
aider,2
faile,2
desirable,2
garanties,2
finir,2
indications,2
tend,2
congestionner,2
servira,2
litres,2
caout,2
caoutchoue,2
metallique,2
accroupie,2
reegles,2
plete,2
constituant,2
sechappe,2
membre,2
microbienne,2
embolie,2
lavage,2
septicemiques,2
soil,2
ficheuses,2
reine,2
suffisent,2
muqueuses,2
constituer,2
4000,2
inoffensif,2
retardent,2
incon,2
saigne,2
accumule,2
longues,2
organiques,2
composes,2
tartrique,2
tient,2
causer,2
bouillie,2
tente,2
spermato,2
resteraient,2
leurrer,2
rela,2
pletement,2
fecondant,2
retabli,2
extremites,2
douche,2
temperature,2
repetes,2
vaudra,2
lenesme,2
cystite,2
colore,2
pigment,2
cellules,2
diver,2
produc,2
intervient,2
inobservance,2
mortelle,2
present,2
insiste,2
montrant,2
quavee,2
mentalite,2
meetrorragie,2
meenorragie,2
accoucheee,2
emotions,2
perineor,2
raphie,2
fetide,2
irritations,2
fibreuse,2
achever,2
matelas,2
tuel,2
impermeable,2
analogue,2
garniture,2
nceuvres,2
eviler,2
anesthesie,2
bassins,2
4186,2
incliner,2
lois,2
sachions,2
dysmenorreique,2
confirme,2
germinalive,2
grossissements,2
ongles,2
etuve,2
dresser,2
insu,2
lantisepsie,2
soigneux,2
pinces,2
curette,2
retenu,2
produtt,2
combines,2
attentivement,2
obtient,2
attendez,2
mdle,2
rencontrer,2
bandes,2
abandonne,2
prix,2
inflammatoires,2
rilite,2
lante,2
tubercules,2
syst,2
systemenerveux,2
tanin,2
ovariotomie,2
ovisaes,2
ulerins,2
cations,2
mobile,2
energie,2
loperateur,2
papier,2
4100,2
intermediaire,2
queue,2
domicile,2
mouille,2
toniques,2
syst0me,2
patho,2
chapitre,2
soignez,2
spontane,2
prete,2
morales,2
nuisibles,2
portes,2
laissee,2
faiblesse,2
fiance,2
alteindre,2
duction,2
vehicule,2
aseptiques,2
centimetre,2
consultation,2
alternative,2
opium,2
essentielle,2
idiopathique,2
recemment,2
tapisse,2
reduit,2
membraneuse,2
qwest,2
tubes,2
layette,2
traitees,2
conduisent,2
dumontpallier,2
genu,2
pectorale,2
correction,2
deflechie,2
decla,2
sper,2
matozoides,2
diffe,2
definit,2
sabine,2
tarnier,2
accroissement,2
ldge,2
dation,2
lous,2
importe,2
ceplibles,2
aencore,2
dues,2
frances,2
nais,2
prealablement,2
paris,2
climats,2
differents,2
destruction,2
developpant,2
lawn,2
tennis,2
prolonge,2
atte,2
jurisprudence,2
simultanee,2
ainesse,2
vicieuse,2
operatoires,2
suiles,2
glairo,2
ysmenorree,2
endomeetrite,2
lechelle,2
presentalion,2
tenue,2
taille,2
defi,2
fcetus,2
mefaits,2
alles,2
sensible,2
desirerions,2
branes,2
diametre,2
rectal,2
vraisemblablement,2
decision,2
voulant,2
administration,2
coagule,2
metrile,2
forcement,2
traitee,2
abaisser,2
yagin,2
transforme,2
reclament,2
cialiste,2
phase,2
chirurgicale,2
impose,2
essaie,2
introduire,2
insupportable,2
secousse,2
lvorifice,2
fournit,2
prive,2
pulerus,2
dilference,2
interessante,2
souille,2
retardee,2
sauraient,2
diles,2
sortira,2
iliaque,2
eauet,2
hysteropexie,2
cuter,2
eest,2
ades,2
quela,2
applicable,2
phie,2
tubercule,2
velement,2
caduque,2
solidite,2
exclusif,2
tenace,2
ulero,2
affaiblit,2
prune,2
hematoceles,2
compleetement,2
levolution,2
linversion,2
ceptible,2
doses,2
lalbumine,2
expressions,2
produites,2
lanteversion,2
distinguons,2
tation,2
abdo,2
conque,2
enflammee,2
lout,2
portion,2
mets,2
reconnailre,2
irri,2
vanteversion,2
differe,2
crane,2
variees,2
connaissez,2
armes,2
possedons,2
defavorable,2
hematocolpos,2
obture,2
incisions,2
bourgeon,2
gqueril,1
atlenuer,1
medicaus,1
piodure,1
varsenic,1
hydraslis,1
canaden,1
ctre,1
secigle,1
chloruro,1
sodiques,1
salies,1
bearn,1
biarritz,1
buscous,1
nouillere,1
sancon,1
salins,1
plaque,1
charbon,1
platine,1
porteur,1
hesite,1
rais,1
aimerais,1
mourir,1
trisle,1
mette,1
marchera,1
attaque,1
profonds,1
curages,1
detruisant,1
tiellement,1
rendront,1
detruire,1
endormir,1
combe,1
resumer,1
opinion,1
plonger,1
narcotique,1
niers,1
tolerables,1
irreguliere,1
dures,1
graisse,1
nolamment,1
delre,1
reliee,1
relie,1
branche,1
poires,1
conviendrait,1
theorique,1
detacher,1
chirurgicalement,1
couper,1
consti,1
tuerait,1
plantation,1
ellesun,1
sile,1
crotre,1
prepon,1
derante,1
debarrassee,1
fardeau,1
pretextes,1
pouravancer,1
reagir,1
constantes,1
apprecia,1
evenements,1
anticipes,1
etail,1
devoir,1
croyantl,1
proche,1
atmosphere,1
tranquillite,1
velopper,1
coute,1
soigneuses,1
negligentes,1
dentition,1
gencives,1
dechausse,1
quandil,1
gingivite,1
fdcheuses,1
absorbant,1
salulaire,1
veillant,1
frottera,1
brosse,1
hydrocarbonate,1
quinquina,1
lavera,1
tide,1
additionnee,1
prepara,1
maleias,1
ters,1
menthol,1
saccharine,1
vanille,1
cochenille,1
4120,1
duet,1
were,1
decline,1
remplace,1
drogues,1
fleaux,1
dominent,1
lihygitne,1
_lhygitne,1
noncee,1
pecoulement,1
leaxe,1
lalerales,1
ante,1
retrodevia,1
donnee,1
labsence,1
transversalement,1
laleroversion,1
arrieere,1
circonvo,1
sane,1
lutions,1
lintestin,1
grele,1
entou,1
mant,1
parexemple,1
chemine,1
transformant,1
anguleuse,1
possedent,1
culins,1
feminins,1
rappe,1
quantal,1
barbe,1
delterminer,1
primordiale,1
festi,1
clande,1
cadavre,1
ceil,1
eltats,1
civils,1
complies,1
apprendre,1
connailrons,1
faisais,1
tarderais,1
ennuyer,1
accompagnerait,1
descerip,1
mentionnes,1
lheure,1
voudrions,1
parlies,1
prouvee,1
prouveee,1
accoles,1
tantodt,1
tincts,1
superficielle,1
apergoit,1
aiid,1
devenue,1
sponta,1
sire,1
dhematocele,1
paidant,1
nerpeux,1
manifestent,1
lanlot,1
eprouver,1
vulvodynie,1
hysleeralgie,1
hyslerodynie,1
lubalgie,1
lubodynie,1
lumeur,1
veuf,1
inlerieur,1
suppure,1
remplacer,1
resorbe,1
dispa,1
rison,1
acquerir,1
autorite,1
entourage,1
faittout,1
malheu,1
prejuges,1
routine,1
thera,1
peutique,1
aidez,1
lraumatismes,1
separes,1
muniquer,1
porgane,1
vingtans,1
dorganes,1
mile,1
vhermaphrodisme,1
cloisons,1
aussit6t,1
decompose,1
boner,1
115s,1
fell,1
bator,1
aomoa,1
uhermaphrodisme,1
diiferent,1
posteerieur,1
maintiennent,1
linstant,1
demontrer,1
anledevialion,1
anleflexion,1
antleversion,1
explicaltion,1
lrois,1
inferieure,1
pisthme,1
ecouleront,1
perme,1
remplir,1
daleroflexion,1
_uterin,1
cerita,1
laterode,1
bornent,1
traites,1
gyneco,1
logie,1
ferons,1
racine,1
direl,1
metacarpo,1
phalangienne,1
triangle,1
vital,1
ktdans,1
humanile,1
anxieuse,1
recherche,1
fuit,1
predire,1
cantonner,1
trilogie,1
letre,1
ascendant,1
procreateurs,1
descendant,1
comble,1
nobles,1
profondes,1
aspirations,1
consacrez,1
2062,1
bomigmotfario,1
caracteristique,1
peraments,1
pratiques,1
reflue,1
jarre,1
tieres,1
jarretelles,1
prime,1
luttent,1
avantageusement,1
rices,1
attribue,1
vertu,1
lhamamelis,1
virgi,1
nica,1
hydrastis,1
ordonne,1
deconseille,1
predisposee,1
pourraient,1
comptez,1
aventure,1
revue,1
executer,1
trompeurs,1
statistiques,1
etablies,1
effectuer,1
terminal,1
compler,1
warrive,1
erronee,1
justerhent,1
aleatoires,1
defec,1
lueuse,1
accepter,1
travaux,1
cauteriser,1
muqueuxc,1
ressemblenta,1
allonges,1
irreguliers,1
appendus,1
echappant,1
jaunitres,1
teinte,1
paille,1
gueerir,1
lemps,1
operes,1
1892,1
1894,1
dautres,1
lente,1
lexperience,1
eraindre,1
breve,1
echeance,1
encourager,1
hyslerectomie,1
winckel,1
invoque,1
lhereditejoue,1
touri,1
parfots,1
trement,1
excessives,1
rible,1
cauterisant,1
cancereuse,1
nitrique,1
iodoforme,1
desinfectante,1
cristallise,1
geranium,1
rosat,1
pulverisations,1
egales,1
satisfaisants,1
dimi,1
nuent,1
attenuent,1
quhemorragies,1
appendu,1
pope,1
maison,1
pombilic,1
dansce,1
chiffre,1
approximatif,1
operees,1
conseilled,1
insuppor,1
negligeable,1
chezune,1
revulsifs,1
diode,1
procureront,1
cceeur,1
objectifs,1
paccoucheur,1
puerpe,1
lallaitement,1
attentive,1
accouchera,1
renset,1
interes,1
profession,1
deviendrait,1
lideal,1
savait,1
cision,1
interdite,1
preci,1
calculez,1
oscille,1
qualre,1
vingls,1
publie,1
gonflent,1
hideux,1
defigure,1
paupitres,1
joues,1
leevres,1
dissipe,1
physionomie,1
averti,1
effraye,1
offre,1
passager,1
manieres,1
rompes,1
ooaire,1
lironss,1
eomere,1
uulero,1
odatlatl,1
ompe,1
corporeale,1
mont,1
levres,1
yymen,1
fourchette,1
yovule,1
denomme,1
malrice,1
develop,1
pera,1
spacieux,1
definis,1
humains,1
ranges,1
ebaucbe,1
deceler,1
innombrable,1
allure,1
particuliere,1
dymphatique,1
scrofuleux,1
candidat,1
twberculose,1
thenie,1
atlteint,1
phtisie,1
pulmonaire,1
thritique,1
lympha,1
connaissantun,1
presumer,1
mesures,1
phatisme,1
importune,1
reveillee,1
conscience,1
lilre,1
relati,1
meritent,1
designee,1
ilya,1
anledeviation,1
retrodevialion,1
laterale,1
lalerodeviation,1
sistent,1
porta,1
renverses,1
renverser,1
langle,1
ecuwe,1
lutlerus,1
axes,1
regarde,1
genant,1
secondairement,1
basculement,1
luretre,1
irritant,1
meat,1
sical,1
favorisee,1
saule,1
constaler,1
saute,1
inapercue,1
circonstance,1
fortuite,1
lourcine,1
hdpital,1
soignait,1
nite,1
etonne,1
decouvrir,1
penetrait,1
exami,1
train,1
digi,1
des_,1
indiquait,1
prochain,1
permettait,1
clitoris,1
miles,1
femelles,1
perfection,1
pietres,1
extremes,1
conclusions,1
lhermaphrodisme,1
rudiment,1
lesrapports,1
vimpossibilite,1
lherma,1
phrodisme,1
lunion,1
saurail,1
deconseil,1
lera,1
syslteme,1
yarien,1
illusoire,1
arranger,1
vatrophie,1
reexaminant,1
tarderent,1
vagins,1
matrices,1
allait,1
precedente,1
pourrez,1
constatation,1
condilions,1
developpes,1
vaeccouchement,1
dystocie,1
bifidite,1
cavites,1
lorsqwune,1
meux,1
arri,1
renverse,1
ooumoins,1
appuyer,1
laconstipation,1
creeau,1
conservant,1
verilable,1
noter,1
oculistes,1
querir,1
edte,1
valienation,1
disparaitra,1
laclion,1
pathologie,1
heurteat,1
enten,1
titillez,1
elernument,1
titillee,1
elerniment,1
flexe,1
dort,1
promener,1
composait,1
servie,1
subordonnant,1
physiologiques,1
gueered,1
usitee,1
vague,1
definie,1
fonclionner,1
reconnaissait,1
lecoule,1
vputerus,1
ressemblant,1
amande,1
petiles,1
diagnostiquer,1
corri,1
defectueuse,1
vouliez,1
sympleme,1
doule,1
vaugmentation,1
accentuant,1
dicton,1
dernivres,1
sepa,1
phenomeeenes,1
aleatoire,1
tiluer,1
entourait,1
dabaissement,1
primigestes,1
mulligestes,1
jendiraiautant,1
duvolume,1
uterusetdelenfant,1
nomene,1
differente,1
multigeste,1
sure,1
aggravation,1
cardiaque,1
liodure,1
preoecuper,1
vindifference,1
uetat,1
integrite,1
commene,1
lets,1
consisterait,1
cuisiniere,1
desi,1
avorter,1
fortement,1
ameliorent,1
critique,1
recourez,1
adressez,1
decidee,1
estce,1
recon,1
nailre,1
atleinte,1
reconnailra,1
perdait,1
pintervalle,1
brique,1
pilee,1
layee,1
resle,1
fint,1
arretera,1
conliennent,1
hematosalpinx,1
pyosalpinx,1
ponction,1
pratiquait,1
redoutait,1
operaltions,1
liant,1
sectionnant,1
citrouille,1
presentais,1
primordiaux,1
teurs,1
exage,1
quemment,1
kilogrammes,1
alteinte,1
figuration,1
caprice,1
aggraver,1
benefice,1
craquelures,1
rqerrarsrres,1
saar,1
cicatrices,1
eraillant,1
influencer,1
voisines,1
persistantes,1
conforme,1
toyage,1
caulerisation,1
plombage,1
aurificalion,1
evitees,1
quia,1
conservation,1
donnes,1
saurions,1
scienti,1
fique,1
lexe,1
obliger,1
cracher,1
plyalisme,1
affaiblissant,1
fondre,1
pastilles,1
trompeuses,1
contrac,1
meprises,1
singulitres,1
simulent,1
supposee,1
habitue,1
commettre,1
vige,1
etpar,1
croyance,1
sicela,1
bulle,1
enferme,1
oiseau,1
elal,1
grossie,1
sonnier,1
cage,1
gagner,1
fecondatlion,1
chappe,1
pindique,1
liberte,1
merife,1
cwur,1
genereuse,1
prodigal,1
capac,1
avyann,1
iris,1
joux,1
decembre,1
1901,1
englo,1
nevralgique,1
nevralgte,1
enecore,1
genito,1
dynie,1
laug,1
coloration,1
induration,1
vanemie,1
appauvrissement,1
lihysterie,1
reunissent,1
tuellement,1
differencier,1
2714,1
franchit,1
ecarter,1
deuxitme,1
rieur,1
teats,1
ferais,1
repeter,1
compleltement,1
cune,1
supposer,1
puissiez,1
seil,1
importanee,1
espere,1
eclairant,1
inquieter,1
preoceuper,1
lorsqwil,1
plier,1
chant,1
eclaire,1
discutent,1
lombe,1
gangrene,1
existait,1
lrouverait,1
etablie,1
queleonque,1
troisi,1
lissu,1
ronge,1
gees,1
etla,1
souillee,1
testin,1
conti,1
nuel,1
humidite,1
irrita,1
faicheuses,1
etablissant,1
ferez,1
trous,1
traees,1
disais,1
regarder,1
concentrez,1
trails,1
quentre,1
eanal,1
allantde,1
ratoire,1
traumaliques,1
mortifie,1
promis,1
puerpee,1
alleindre,1
vale,1
vordire,1
expliqueres,1
classees,1
facons,1
mnemotechnie,1
enumera,1
rangerai,1
debout,1
porifice,1
vulyaire,1
ricur,1
redoute,1
leffrayer,1
entrainee,1
defeeation,1
leffort,1
matiires,1
permanent,1
frottements,1
chocs,1
ulceere,1
altere,1
veffort,1
lirritation,1
riorisation,1
epuisement,1
ihysterie,1
systhme,1
enoncees,1
jouent,1
phystero,1
trailtements,1
tonique,1
naissons,1
supposions,1
sibilite,1
reviendrons,1
contentons,1
gonfles,1
tendus,1
cernes,1
boutons,1
seeux,1
alteint,1
irritable,1
migraine,1
sujels,1
reproduisent,1
regularile,1
desespe,1
mistres,1
classe,1
sociale,1
elevee,1
hires,1
desserrer,1
aboutissant,1
debutent,1
reconnaissent,1
mauxc,1
decaur,1
vente,1
suppri,1
mees,1
consliluent,1
probabilile,1
vaffirmer,1
quien,1
trompent,1
mony,1
taires,1
carie,1
linte,1
grite,1
restentsaines,1
bornera,1
leintwre,1
vaconitine,1
popium,1
antipy,1
actuels,1
toleres,1
dether,1
tnconvenients,1
majeure,1
chlorofor,1
mique,1
sacrifice,1
franche,1
lasymphyse,1
symphyses,1
subissent,1
ramollisse,1
etendus,1
ticulation,1
trainer,1
jambe,1
nards,1
ilun,1
culle,1
persiste,1
marcher,1
mmuqueuxx,1
relies,1
dislinguer,1
noisette,1
consistant,1
tables,1
2835,1
disposer,1
temporaires,1
ploi,1
chirurgiens,1
accusation,1
brillant,1
agreable,1
queux,1
recom,1
mencer,1
lasse,1
portantes,1
vorigine,1
conte,1
brun,1
sirupeux,1
operent,1
kysles,1
justiciables,1
lova,1
riotomie,1
ponc,1
atlachait,1
sectionne,1
dexcellents,1
de2a35p,1
operera,1
trainent,1
pabdomen,1
mutila,1
praticable,1
nignore,1
gardera,1
commettra,1
continuelles,1
elions,1
quwest,1
pathogno,1
monique,1
fais,1
voulais,1
entendrez,1
parlera,1
tenais,1
possediez,1
notions,1
entendent,1
cultation,1
coincide,1
reglisse,1
candi,1
morceaux,1
garga,1
rismes,1
astringents,1
alun,1
chlorate,1
absorber,1
milligramme,1
iodure,1
mamelis,1
briilure,1
gorge,1
jusquwa,1
veslomac,1
independant,1
cesophage,1
attenuee,1
abstinence,1
fermentee,1
remplacera,1
alcalines,1
vichy,1
nibles,1
compromettent,1
lecteur,1
dontla,1
prouve,1
lulilite,1
satisfaction,1
pagnes,1
laurais,1
sexpliquer,1
indiscret,1
reveler,1
lacune,1
utilile,1
lerail,1
lauteur,1
puger,1
cetre,1
uvres,1
lisez,1
jugez,1
ressemblent,1
perdent,1
excretent,1
solaires,1
soittous,1
lunaires,1
capricieuse,1
passent,1
appelees,1
decouvertes,1
nommeees,1
ovisdacs,1
contient,1
preesentlees,1
compliquent,1
laterodeviation,1
coincider,1
elablir,1
aboutira,1
attaches,1
navire,1
sabsteniy,1
vaulre,1
songer,1
consciencieusement,1
essayes,1
cedte,1
nerveuc,1
siegeant,1
tebrale,1
rebelle,1
apelle,1
coccygodynie,1
dyspeptiques,1
digestion,1
ordinai,1
pitations,1
respiratotres,1
piration,1
desordre,1
aboutit,1
traient,1
dinflam,1
genitalile,1
diten,1
debutant,1
sommairement,1
gueril,1
astringentes,1
pimpossibilite,1
quolidiens,1
biquotidiens,1
demie,1
terisera,1
dargent,1
rera,1
separees,1
completera,1
antisepliques,1
exige,1
cata,1
remediant,1
obtenu,1
velectricite,1
simultane,1
inof,1
fensifs,1
nonce,1
conndaissons,1
rivitre,1
cedtee,1
hautes,1
blit,1
trajets,1
existera,1
elevees,1
cine,1
appellerait,1
generaliles,1
224i,1
geniltalile,1
geenilales,1
circulaloires,1
congeslions,1
geeenitales,1
anledeviations,1
deeevia,1
rails,1
apercevez,1
reser,1
pureelre,1
wlerus,1
valve,1
contigus,1
vanus,1
uuretre,1
distincts,1
emporte,1
mordez,1
plasmes,1
perma,1
nence,1
interpo,1
sition,1
fondue,1
rechaulfe,1
estchronique,1
scarifications,1
obtenirun,1
aboutisse,1
interrompu,1
amelioration,1
promettant,1
reguli,1
constance,1
vinterrompt,1
redevenu,1
instruite,1
rurgicale,1
wont,1
aboult,1
divises,1
portunite,1
proscrivant,1
consultent,1
foreement,1
recueillent,1
embarrassees,1
promet,1
prenons,1
bonnet,1
classique,1
appuyons,1
pointe,1
reat,1
inver,1
fran,1
retombe,1
pexterieur,1
creux,1
voeuf,1
impropre,1
anleedeviations,1
relrodeviations,1
late,1
rodevialtions,1
devan,1
dulerus,1
exac,1
ignorantes,1
cales,1
quwon,1
poles,1
conventions,1
sociales,1
rang,1
hygienique,1
passera,1
sache,1
entrailles,1
aptitudes,1
education,1
frap,1
lignorance,1
lrancaises,1
abandonnees,1
instinct,1
instruits,1
matitre,1
commerages,1
amies,1
videe,1
inilier,1
aujourd,1
quarrivent,1
decouragees,1
confiera,1
essayera,1
medications,1
preconisees,1
drastiques,1
mhubdrbe,1
pilule,1
dedadegr,1
20a40,1
20840,1
cachet,1
graine,1
carabafia,1
bordeaux,1
hunyadi,1
tardifs,1
caracteristiques,1
novice,1
nesaurait,1
musculaires,1
maternelles,1
nettete,1
affirmatif,1
fetale,1
separation,1
lionnel,1
mouve,1
calcu,1
cicatrice,1
peser,1
determination,1
convient,1
eprouves,1
solutigne,1
tumewrs,1
saillantes,1
pherie,1
repre,1
sente,1
linterstitiel,1
verture,1
reldichee,1
variele,1
elas,1
soulfrir,1
quotidiennes,1
dhabitude,1
vatrouver,1
remette,1
voulue,1
connais,1
sances,1
ports,1
prevenu,1
apercevrait,1
convenients,1
hamae,1
entravement,1
agra,1
transforma,1
4411,1
utee,1
coceygodynie,1
ombilical,1
laire,1
1038,1
pendantles,1
icmorragie,1
meedica,1
llemorragie,1
eauses,1
ilabitation,1
ilamamelis,1
heeredile,1
2412,1
llermaphrodite,1
hlematoceele,1
liematocele,1
peritoneeale,1
ihematocele,1
hlermaphrodisme,1
hlematemese,1
hlematometre,1
ilydramnios,1
fhlematometre,1
ivdrastis,1
ilematosalpinx,1
ilemoptysie,1
ilydropisie,1
ilemorragic,1
tituent,1
carriere,1
soup,1
conne,1
passait,1
fcetaux,1
percoit,1
pexperience,1
remuer,1
vhydramnios,1
vexageration,1
accessibles,1
site,1
numeriques,1
oeuvres,1
tombees,1
collections,1
inscrit,1
gratuite,1
precisee,1
nationale,1
payante,1
objet,1
entendue,1
revente,1
elabores,1
fourniture,1
generant,1
revenus,1
vendue,1
ouvrages,1
exposition,1
audiovisuelle,1
payant,1
support,1
vocation,1
promotionnelle,1
cliquer,1
icipour,1
acceder,1
tarifs,1
2112,1
publiques,1
proteges,1
appartenant,1
tiers,1
reutilises,1
copie,1
autorisation,1
titulaire,1
conserves,1
institutions,1
signales,1
municipale,1
invite,1
informer,1
donnees,1
producteur,1
protegee,1
l341,1
regies,1
francaise,1
conformite,1
projet,1
respecter,1
matiere,1
contacter,1
respira,1
aspiration,1
rivent,1
operateur,1
repugnant,1
transmission,1
cloche,1
mucosiles,1
quwelles,1
parviennent,1
linsufflateur,1
enlevees,1
insuffle,1
expiration,1
intermittente,1
guliere,1
couleurs,1
mouvementd,1
inspiration,1
regulitrement,1
crie,1
vinsuf,1
suffle,1
renouveler,1
puisssante,1
inocule,1
bords,1
argent,1
lophtalmie,1
ilvous,1
negligee,1
insere,1
prononcera,1
pecher,1
jjar,1
retieres,1
cuisse,1
reliees,1
retenue,1
mainte,1
paru,1
epingle,1
stirete,1
servielle,1
tendant,1
parriere,1
vavant,1
changee,1
oumeme,1
ceinlure,1
disposilif,1
relachees,1
prefererions,1
disies,1
auxcquels,1
preferences,1
lami,1
naire,1
vhumidite,1
quintroduite,1
manche,1
extraite,1
gonfle,1
echelle,1
perilleuse,1
avorlements,1
slerile,1
ilermaphrodite,1
humanite,1
incomplets,1
fournir,1
engendrer,1
fonctionne,1
monstre,1
consuller,1
susceplible,1
calegorique,1
fenme,1
trave,1
resumons,1
permetlre,1
ceplion,1
coupable,1
ameliore,1
circula,1
montrez,1
circulatoire,1
tile,1
ltinstauration,1
immediatement,1
intervalles,1
plenitude,1
lorissement,1
aines,1
genoux,1
regu,1
liere,1
accelerer,1
appart,1
destinee,1
atleint,1
yareellement,1
souffrance,1
ballonnement,1
opinidtre,1
eblouissements,1
passagers,1
constitutionnel,1
affections,1
reveillees,1
sousl,1
petat,1
whemorra,1
eprouvent,1
absentes,1
saignement,1
hemoptysie,1
crachement,1
hematemese,1
missement,1
venant,1
hemorroidaires,1
moderees,1
respectera,1
citees,1
reapparaissent,1
inquiclantes,1
mentee,1
raisonnable,1
exigeant,1
fali,1
gants,1
permis,1
revenu,1
comportera,1
recommences,1
sevrage,1
fallait,1
vegard,1
pendantle,1
representee,1
indispen,1
sable,1
cutifs,1
ajustee,1
insufflisam,1
rassis,1
cuil,1
croule,1
luait,1
vins,1
purs,1
minerale,1
indifferente,1
alet,1
contrexe,1
ville,1
evian,1
chocolat,1
cacao,1
ranger,1
tilleul,1
malt,1
rougie,1
biere,1
coupee,1
ordonnance,1
hluit,1
dejeuner,1
midi,1
diner,1
goudter,1
giteaux,1
souper,1
okufs,1
lemploi,1
administrer,1
paresseux,1
elycerine,1
opportunite,1
purga,1
legers,1
4210,1
pectorales,1
prejuge,1
nuisible,1
demeler,1
nalter,1
conseculives,1
obliga,1
subie,1
paralyse,1
favorise,1
coit,1
quonwurine,1
craignent,1
defaillances,1
entier,1
variables,1
selon,1
boutlees,1
croissement,1
epaules,1
larges,1
rapidite,1
anguleuses,1
inhabile,1
ralentissant,1
pleins,1
arrondissent,1
dessinent,1
poils,1
apparaissent,1
aisselles,1
lescontours,1
gracieux,1
silhouette,1
ladolescence,1
franchi,1
nubile,1
pubere,1
consislent,1
aban,1
lvinstinet,1
tendresse,1
reveiller,1
pressionnable,1
imagination,1
exalte,1
exuberante,1
preexiste,1
momen,1
tanee,1
nelaient,1
dentraver,1
aulrement,1
concoivent,1
seconds,1
embarrassant,1
oubliera,1
steriliteobligatoire,1
equivaut,1
conso,1
vraie,1
lroubles,1
dysmenorreee,1
morragies,1
periodiques,1
blesser,1
mortels,1
clandestin,1
produiront,1
viendra,1
loperalion,1
enceci,1
courantes,1
larticulation,1
dejadit,1
gereux,1
resserrement,1
stationnaire,1
baleine,1
mettra,1
disposera,1
adoptee,1
supportes,1
coupent,1
defaire,1
avantage,1
dedaigner,1
nexiste,1
epingles,1
strete,1
laches,1
agrafes,1
inferieur,1
resser,1
fournissaient,1
previa,1
rompra,1
ficiellement,1
iodofor,1
imprudentes,1
veulent,1
dissimuler,1
compriment,1
cachent,1
ples,1
proportionnes,1
aejalem,1
marie,1
dresse,1
signee,1
demonte,1
yael,1
coupes,1
guidant,1
tinetes,1
commune,1
communement,1
basso,1
gemellitee,1
cceurs,1
parlir,1
diag,1
pubertee,1
intrasuterines,1
lempera,1
hysteralgie,1
ilysterectomie,1
hysterie,1
hysterodynie,1
ilysteromeetre,1
hysteropexieabdominale,1
tempe,1
rature,1
iclere,1
lraitement,1
impressionnabilile,1
dusysteme,1
insuflisance,1
insufllateur,1
cystile,1
delaccouchement,1
repeere,1
deviatlions,1
ppeyiations,1
peyiations,1
riere,1
combi,1
defiguration,1
dceformations,1
mellaire,1
duspermatozoide,1
intellectuelles,1
lrai,1
diureliques,1
lepoque,1
quee,1
grrossesse,1
4117,1
bromes,1
3038,1
symphyseoto,1
gaux,1
4119,1
exceplion,1
nels,1
difficulle,1
veesical,1
4101,1
dysmeenorree,1
epoques,1
precan,1
4132,1
interruption,1
fetal,1
dysmenorrhee,1
caleul,1
rures,1
feetidite,1
amenor,1
menor,1
vegelante,1
desodorisantes,1
lacide,1
nitri,1
dispositifs,1
iene,1
bitaaticraiete,1
move,1
mszat,1
dereegios,1
reeile,1
definisses,1
rappele,1
rente,1
revivre,1
essaiecrai,1
suivriez,1
interessera,1
etablit,1
differem,1
soulagent,1
qgwil,1
tisan,1
apresl,1
genera,1
renonce,1
ence,1
devez,1
ficiles,1
yaplusieurs,1
entrerait,1
fable,1
renseigneront,1
longs,1
promenade,1
portions,1
limite,1
lexercice,1
aussildt,1
reposes,1
redoubler,1
prudente,1
jugale,1
continuees,1
interrom,1
pues,1
coucheur,1
tinwes,1
seignements,1
disant,1
relichee,1
morceau,1
moulant,1
meten,1
grossil,1
cedant,1
extension,1
serontajoutes,1
choisissons,1
arretes,1
empechant,1
larret,1
alorifice,1
parer,1
charge,1
spermatique,1
construite,1
injecte,1
arretait,1
favo,1
rables,1
retablir,1
cesser,1
surabondance,1
vhydrotherapie,1
administrera,1
vhama,1
melis,1
proprele,1
judicieux,1
exalter,1
imagi,1
nation,1
maladive,1
spectacles,1
soirees,1
dansantes,1
bals,1
lanemie,1
lianemie,1
etroite,1
soleil,1
joint,1
atlribuer,1
raciques,1
lointains,1
rects,1
systome,1
ellet,1
attitudes,1
vicieuses,1
favori,1
fluence,1
offrent,1
injeclions,1
alatemperature,1
repondraient,1
sonta,1
incommodees,1
lodeur,1
legeere,1
lequitation,1
abstienne,1
sibles,1
ladie,1
genitalement,1
secoue,1
avinsu,1
echappera,1
demandez,1
affliges,1
infee,1
cond,1
lelle,1
disparailtre,1
insisterai,1
prives,1
realises,1
confiant,1
exposeres,1
divisent,1
pitres,1
tlunion,1
vinaigres,1
releves,1
moutarde,1
oignon,1
pices,1
bouillis,1
maquereau,1
hareng,1
anguille,1
sardines,1
limande,1
carrelet,1
homard,1
langouste,1
barbue,1
turbot,1
vettes,1
merlan,1
frits,1
ecrevisses,1
salades,1
cuiles,1
servies,1
natin,1
oseille,1
tomates,1
tefre,1
conecombres,1
artichauls,1
julienne,1
blancs,1
truffes,1
lampignons,1
trulffes,1
mehcassit,1
melon,1
carottes,1
permises,1
gueur,1
estomacs,1
epinards,1
chicoree,1
laitue,1
passes,1
tamis,1
frites,1
tera,1
cdtes,1
nouilles,1
macaroni,1
lail,1
desserts,1
fromayes,1
fromages,1
raisin,1
peche,1
mars,1
mure,1
prunes,1
groseilles,1
fraises,1
cerises,1
quan,1
marrons,1
chataignes,1
compote,1
palisseries,1
sucres,1
erees,1
marmelade,1
fours,1
confitures,1
gdteaux,1
gaiteaux,1
renversees,1
elendue,1
tinuait,1
secutifs,1
laffaiblisse,1
prendrait,1
prescrirait,1
delicate,1
epouse,1
conjugale,1
phemomeenes,1
hemorragic,1
partom,1
oreillers,1
quitter,1
partement,1
soruir,1
soiten,1
sirieme,1
allaile,1
delicates,1
citadines,1
robustes,1
paysannes,1
considere,1
quwune,1
convalescente,1
nourrir,1
valimente,1
substan,1
tielle,1
menu,1
mettons,1
pais,1
bouil,1
bisque,1
degraisse,1
tapioca,1
semoule,1
pates,1
italic,1
farine,1
orge,1
avoine,1
feufs,1
cuils,1
durs,1
omelette,1
polages,1
pureees,1
finement,1
poulet,1
charcuterie,1
exceptee,1
geon,1
cervelle,1
ragout,1
roties,1
gigot,1
gneau,1
mouton,1
rognons,1
sautes,1
filet,1
beeuf,1
gibier,1
faisande,1
cotelettes,1
agneau,1
salmis,1
canard,1
york,1
gibelotte,1
civet,1
approfondie,1
demontre,1
daffirmer,1
reside,1
affirmation,1
categorique,1
alttentivement,1
conjoints,1
insti,1
tuer,1
medeciu,1
specialiste,1
masculins,1
consen,1
tira,1
eete,1
assuree,1
revelent,1
accentues,1
minimes,1
tention,1
insidieuses,1
energiquement,1
cevra,1
funeste,1
nesl,1
vhygieene,1
occuper,1
gements,1
vapproche,1
futures,1
reagira,1
davis,1
douse,1
treize,1
vexislence,1
avertir,1
surveillance,1
maternelle,1
pension,1
previendra,1
imprudences,1
ignorante,1
effrayee,1
eclairera,1
guin,1
enseigner,1
putilite,1
exterieurs,1
tidiens,1
linstauration,1
irregularites,1
espacees,1
tionnellement,1
rapprochees,1
gale,1
bientdt,1
apparaitre,1
montrees,1
possibilile,1
ponte,1
rejoindre,1
entravera,1
causal,1
ceptibles,1
neglige,1
preponderant,1
lerus,1
querai,1
entretenir,1
infecondite,1
qwenlendez,1
lvutee,1
verston,1
venten,1
vocclusion,1
caoutchouce,1
permeabilite,1
endroit,1
profon,1
deur,1
limpossibilite,1
renver,1
urossesse,1
buse,1
ressort,1
laleraux,1
resistante,1
excellente,1
evoluer,1
leures,1
serree,1
retracte,1
bgef,1
agrafe,1
dile,1
proportions,1
violents,1
defavorables,1
dizaine,1
repondront,1
allemagne,1
angleterre,1
belgique,1
irlande,1
pauvre,1
toutce,1
culerus,1
enfermes,1
faibles,1
existaient,1
ranimer,1
ranimes,1
preconises,1
saignee,1
laleool,1
flagellation,1
ficielle,1
padulte,1
accorder,1
imprimant,1
procedes,1
decrits,1
aussilet,1
hesita,1
egaliter,1
bote,1
mase,1
anliseptiques,1
arsenic,1
arthrilisme,1
elancements,1
bieyelette,1
bifidites,1
bifidile,1
4131,1
fuetal,1
vosite,1
meere,1
lute,1
scereux,1
declarations,1
ensevelissement,1
eclampsic,1
quences,1
4152,1
inno,1
cuite,1
1464,1
gengivite,1
traumatiques,1
genitodynie,1
saes,1
glycerine,1
hemorroidaire,1
inclinaison,1
venlif,1
vaginisme,1
mancuvres,1
geniltales,1
vegeeetations,1
veeegetations,1
paralysie,1
sondage,1
vegeltations,1
4122,1
cxagere,1
meecas,1
trailee,1
lode,1
lodoformee,1
irregularite,1
lodure,1
laxalifs,1
1415,1
raccourcis,1
kysies,1
24ce424,1
4199,1
mesectiong,1
sesh,1
lachambre,1
albadolens,1
parincipales,1
hematomeetre,1
consacree,1
progressif,1
enleves,1
croient,1
tantet,1
tantoot,1
conclut,1
djuste,1
poisonnement,1
fonc,1
craindra,1
albu,1
liclere,1
craint,1
veclampsie,1
lactle,1
favoriser,1
frictionner,1
surviendra,1
bossb,1
qwils,1
religieux,1
uembryotomie,1
baptiser,1
sacrifier,1
dimen,1
pudeur,1
curieux,1
glees,1
barbares,1
ressem,1
blant,1
vulgairement,1
dhumeur,1
datre,1
gluante,1
filante,1
qwatteintes,1
portants,1
deres,1
prefe,1
reculeront,1
perilleux,1
trajet,1
diagnostiquons,1
inaccessibles,1
veenumeralion,1
succinctle,1
rangeant,1
reussir,1
suivrez,1
exposerai,1
devialion,1
tumeuwrs,1
atteindre,1
bifi,1
imperforations,1
rudimentaires,1
gpermatozcid,1
4738,1
cuunes,1
vemues,1
laffection,1
conco,1
mitante,1
conformer,1
peux,1
necessairement,1
diges,1
individuel,1
abuser,1
jouissances,1
gastro,1
nomiques,1
enclin,1
aromatiques,1
bitude,1
insister,1
visce,1
rales,1
fatiguer,1
passions,1
sympathique,1
faligantes,1
lecture,1
musique,1
campagne,1
debarrasser,1
lavant,1
vierges,1
permeable,1
beance,1
sejourner,1
penetrant,1
sorti,1
inerlie,1
uwlerine,1
rete,1
tracte,1
beants,1
laissent,1
aucontraire,1
seau,1
devien,1
bouchons,1
morragie,1
obturateurs,1
vinertie,1
palpant,1
remeedes,1
linjection,1
parlum,1
retablissement,1
feraunan,1
annee,1
chies,1
gressif,1
subin,1
volution,1
congestionne,1
melrile,1
raissez,1
contrairement,1
inaper,1
vide,1
globe,1
sondant,1
scien,1
lifiquement,1
catheter,1
flexible,1
flambe,1
lampe,1
redevienne,1
cathelerisme,1
repugne,1
effraie,1
pelits,1
cataplasme,1
couler,1
legerementla,1
sutles,1
lenteur,1
vinvolution,1
ladiminution,1
revienne,1
cede,1
levitera,1
inlermittentes,1
exceptionnelles,1
lignorons,1
preciser,1
existeront,1
chloral,1
cile,1
sorli,1
emplotera,1
varreter,1
evacue,1
manceuvre,1
denlever,1
uhemor,1
ferai,1
vori,1
lenlevera,1
duite,1
acet,1
dhygiene,1
qielles,1
resument,1
kviter,1
entendez,1
choes,1
ebran,1
ebranlement,1
mouvementee,1
predisposent,1
povarite,1
ouaux,1
principalement,1
trans,1
mettent,1
deposes,1
servant,1
pinoculation,1
melrorragies,1
twelles,1
preexistante,1
concomitante,1
ulterieurement,1
vembonpoint,1
gagne,1
nutrition,1
ralentie,1
sobre,1
linsuffisance,1
cessa,1
trissent,1
asexuee,1
accomplie,1
lrailement,1
neuwrasthenie,1
conge,1
nilaux,1
traumatisme,1
oppose,1
congenital,1
imporlanle,1
priveront,1
plai,1
sirs,1
puisqu,1
enumeerer,1
sleerilile,1
tantotla,1
reparer,1
tanlot,1
bride,1
formations,1
vialions,1
exisle,1
venes,1
mexposer,1
phomme,1
aborderai,1
masculin,1
etudie,1
entrainerail,1
fecondante,1
depdot,1
ficulte,1
penetree,1
tmpuissance,1
lewcorree,1
baigne,1
quis,1
filtrant,1
trou,1
sereuse,1
ecoulemenls,1
intactes,1
intacles,1
tiendra,1
probabilites,1
prolonger,1
banale,1
mourante,1
ernnn,1
tysed,1
ecartement,1
pembryotomie,1
broyer,1
lextraire,1
lamere,1
tiquail,1
peet,1
pitty,1
hehe,1
guat,1
aaah,1
resear,1
erat,1
alae,1
pant,1
piale,1
atta,1
tied,1
aati,1
pial,1
febetap,1
eibl,1
ales,1
vile,1
invention,1
rebours,1
respi,1
pegard,1
percep,1
tibles,1
mortwest,1
qwapparente,1
nuls,1
essaiera,1
plutetune,1
lobserve,1
lvintervalle,1
espacent,1
denouement,1
fatal,1
deviennentde,1
yqseh,1
elit,1
retreecissement,1
classifica,1
sympt6,1
feecondation,1
meedicaments,1
acquises,1
congenitales,1
nitale,1
ginales,1
vorce,1
cloisonne,1
melancolie,1
4141,1
ovalaires,1
dimentaire,1
vegeta,1
vuly,1
evreux,1
imprimerie,1
charles,1
herissey,1
rieures,1
dystociques,1
cidents,1
1490,1
compleete,1
vaccouchee,1
anestheesie,1
1146,1
alienation,1
anteflexiondel,1
decon,1
trailte,1
seilles,1
etapparente,1
hysteri,1
theniques,1
foelaux,1
nucleeole,1
deelaration,1
surle,1
vorilice,1
oedeme,1
nervosilte,1
jhumain,1
ueuf,1
indica,1
diagnos,1
circonslances,1
craintes,1
benite,1
prononcant,1
latin,1
frangais,1
sacrement,1
fils,1
saint,1
appartienne,1
religion,1
chretienne,1
suecomber,1
trayant,1
succedane,1
laccouche,1
preferee,1
vopera,1
mortalile,1
physeotomie,1
entrainant,1
traverse,1
mecanismes,1
maladroite,1
giquement,1
soulfrances,1
trompeur,1
ficheux,1
louver,1
aperce,1
surgir,1
avecun,1
ateniren,1
cultes,1
posseede,1
dyslociques,1
gage,1
symphyseolomie,1
signification,1
ameres,1
mondees,1
decigrammes,1
chlorhydrate,1
ammoniaque,1
hlydrolate,1
etend,1
pent,1
supe,1
rieure,1
nique,1
naphtol,1
hydrate,1
choral,1
directe,1
dontl,1
nean,1
recommandable,1
asepticite,1
employee,1
toilettes,1
proscrites,1
trau,1
matismes,1
mauyaise,1
durant,1
bichlo,1
tolere,1
pratiquent,1
laps,1
complets,1
meltte,1
atlendre,1
enceinles,1
veuilles,1
etablis,1
ella,1
relalive,1
pechant,1
comprehension,1
terai,1
limperforalion,1
domme,1
melritle,1
pluparl,1
malernile,1
ployes,1
silindication,1
recourira,1
honorabilite,1
exploitee,1
charlatans,1
jete,1
diseredit,1
interessees,1
sentourer,1
mentionnerai,1
alleintes,1
vaudrait,1
vaise,1
recipient,1
nicke,1
choue,1
lique,1
maniement,1
nules,1
fragiles,1
ciles,1
reils,1
pompe,1
nids,1
injecleur,1
kele,1
prescription,1
expresse,1
narrivent,1
constiluer,1
maladives,1
perverston,1
ltypes,1
recu,1
lexces,1
suspension,1
tempo,1
raire,1
nese,1
7egles,1
crachements,1
saignements,1
appellent,1
viees,1
conside,1
edeme,1
quelie,1
septique,1
quide,1
communiquent,1
bres,1
condamner,1
lembolie,1
deta,1
mons,1
suffocation,1
impru,1
dentes,1
remuent,1
prudence,1
miers,1
proscrivent,1
contentant,1
vulvaires,1
jestime,1
tomber,1
quotidien,1
reservees,1
tncon,1
vlaccouchement,1
prevention,1
justi,1
fiee,1
refroidisse,1
thoracique,1
valimentation,1
mettait,1
diete,1
severe,1
nourrissant,1
piqures,1
sanguines,1
guinolentes,1
mucus,1
entremele,1
cadaverique,1
precurseur,1
lochiel,1
claux,1
regulivres,1
pheniquee,1
reagissant,1
reculent,1
tort,1
instamment,1
levee,1
ordinatre,1
alfaiblir,1
enerver,1
blement,1
sorties,1
differee,1
linyolution,1
negligeant,1
finira,1
anous,1
mani,1
festations,1
brusquement,1
quinzieme,1
commengant,1
suspendre,1
exposees,1
suffise,1
rangees,1
catlegories,1
dusang,1
lobliteration,1
rence,1
depodt,1
suppriment,1
amenstruel,1
reciproque,1
estsusceptible,1
poumon,1
crepuscules,1
pulve,1
rulents,1
absorbe,1
economie,1
eleees,1
linconve,1
filtree,1
qgwon,1
troduction,1
hysterometre,1
suivie,1
chasse,1
entrainerait,1
zoides,1
desiree,1
tuels,1
deslines,1
irrealisable,1
simulla,1
concep,1
constatee,1
consent,1
docile,1
altendre,1
liee,1
sterilitee,1
inferieures,1
pluie,1
continuee,1
soumise,1
gestantes,1
generalement,1
courts,1
maximum,1
repeles,1
assouplissent,1
facilitent,1
heureu,1
influencee,1
execution,1
toileltes,1
gravide,1
replacement,1
soita,1
compres,1
virritation,1
omis,1
soignee,1
facheuses,1
vrait,1
irregulier,1
mediane,1
colorations,1
attri,1
cultant,1
digital,1
soutient,1
separer,1
jient,1
attenant,1
liga,1
procede,1
veille,1
lasortie,1
aidant,1
conformant,1
ceptes,1
lart,1
partu,1
riente,1
rigoureuse,1
surviendrait,1
taccoucheur,1
instruit,1
consciencieux,1
rassurez,1
estrare,1
derer,1
chements,1
subsequents,1
millimetres,1
egratignures,1
atteignent,1
artere,1
fislules,1
montrerai,1
descend,1
elargisse,1
quwaprees,1
resoudra,1
obstelricales,1
devais,1
insis,1
terais,1
devait,1
demanderait,1
promesse,1
ignorance,1
filletle,1
irregularitee,1
amenorreee,1
malai,1
exterieu,1
vehicules,1
mcnorragie,1
nital,1
rale,1
antisepsic,1
prematuree,1
4157,1
lepaule,1
livrance,1
ulterus,1
redressement,1
situationnormale,1
ccoulement,1
prolap,1
antede,1
devinver,1
vegelations,1
pousse,1
pressant,1
habiller,1
initiee,1
anti,1
sepsie,1
anterieurement,1
contagieuse,1
exposerait,1
fauteuils,1
preparant,1
placera,1
chouc,1
plie,1
recouvrant,1
vimpermeable,1
retournaitl,1
resterait,1
succomberail,1
pressions,1
inlernes,1
egards,1
poperateur,1
endormi,1
lexis,1
puissent,1
deseaux,1
4839,1
wogrioms,1
ilemgeen,1
poreene,1
4156,1
mmbryotomie,1
4161,1
4167,1
belampgie,1
4176,1
2024240,1
41836,1
obliges,1
conclus,1
inexpliquees,1
formel,1
therapeuti,1
vaincre,1
tacle,1
dispose,1
attribuee,1
attenuation,1
produi,1
vobservation,1
previsions,1
amelioree,1
damelioration,1
reux,1
calmes,1
attenues,1
pattenue,1
redevient,1
reproduit,1
quavant,1
positif,1
constant,1
entrevoir,1
possibi,1
devenant,1
realise,1
liti,1
composant,1
noyau,1
nucleole,1
estde,1
vilellus,1
lache,1
millitmes,1
limetre,1
secrete,1
pondus,1
etlovule,1
aumilieu,1
savonnage,1
lime,1
immersion,1
asepsie,1
iode,1
bisulfite,1
pare,1
securite,1
maintienne,1
domestiques,1
commettent,1
fautes,1
doubler,1
connaissant,1
responsables,1
occupees,1
simplicite,1
euvre,1
luantisepsie,1
limpor,1
lourde,1
responsabilite,1
assument,1
vantisepsie,1
retraction,1
emprisonne,1
paccouchee,1
intervenir,1
pempecher,1
putrefier,1
pable,1
combat,1
tardivement,1
lvhemorragie,1
plaisir,1
compromise,1
avorte,1
sacrifie,1
vobstetrique,1
lobstetrique,1
syncopes,1
coincident,1
estvraisemblablement,1
totalite,1
oceasionnelle,1
designes,1
crobes,1
apportes,1
contacts,1
hetero,1
empoisonne,1
fournissant,1
recelait,1
plique,1
restreint,1
contagion,1
prevenir,1
veil,1
pralique,1
vindiquer,1
valfaire,1
melalliques,1
lasepsie,1
letuve,1
bouillantle,1
flambant,1
metalliques,1
solu,1
leau,1
additionne,1
calions,1
poindre,1
fournie,1
fusionner,1
resulle,1
rompe,1
util,1
spermalozoide,1
promesses,1
chimeriques,1
suivra,1
liimpuissance,1
lventree,1
contracture,1
entendes,1
citer,1
uniques,1
parents,1
tour,1
changez,1
fecondes,1
quol,1
infideles,1
unis,1
facultes,1
procreatrices,1
mystere,1
interro,1
gation,1
introduisant,1
lappelle,1
aaaee,1
acti,1
micztles,1
manwuvres,1
remet,1
massages,1
pommades,1
applications,1
commencant,1
uaccouche,1
composail,1
vexpulsion,1
suit,1
horribles,1
detente,1
soulffre,1
joie,1
attenuees,1
acceptees,1
harassee,1
formee,1
adjoignent,1
princi,1
pales,1
malignes,1
obturation,1
cireulatoires,1
uretre,1
digestifs,1
bifide,1
tubalgie,1
insuffla,1
larynge,1
caoulchoue,1
teversion,1
tubodynie,1
benignes,1
berte,1
culatoires,1
symptemes,1
dysmenor,1
ladies,1
atrophic,1
sysleeme,1
infusion,1
arthritigue,1
ovaireet,1
dunouveau,1
incomplet,1
gression,1
rudimen,1
palpilations,1
lerieure,1
modifi,1
kvstes,1
pigmentation,1
eeba,1
mibli,1
tentive,1
viciee,1
retrecis,1
tilly,1
viciations,1
trect,1
indiquees,1
lhabi,1
vloperation,1
sauve,1
intempestivement,1
lattirer,1
separent,1
introduites,1
separement,1
emploite,1
terriblement,1
dangeureux,1
contusionner,1
retirait,1
souffrirait,1
journaux,1
emballage,1
prepare,1
proteger,1
lements,1
abondants,1
preparer,1
prescrits,1
mereure,1
carmin,1
indigo,1
yingt,1
aljogl,1
kssence,1
yaginale,1
secretee,1
testicules,1
extremement,1
liemes,1
millimetre,1
doue,1
vifs,1
larves,1
grenouille,1
rappelle,1
nagent,1
goutte,1
croscope,1
apercoit,1
affaiblissent,1
aujoud,1
plement,1
douees,1
ecossaises,1
lotions,1
comprise,1
moderes,1
reguliers,1
sports,1
equi,1
reconstituants,1
station,1
altitude,1
inslitues,1
logique,1
diagnostiquee,1
difie,1
trouvera,1
sacre,1
croyait,1
arriva,1
douter,1
dautant,1
accompagner,1
traduit,1
estle,1
demandant,1
absente,1
constilue,1
attentif,1
factices,1
patiemment,1
reappa,1
rition,1
serad,1
indiquera,1
signifi,1
artificiels,1
lies,1
secret,1
professionnel,1
fianee,1
mander,1
prefererons,1
dena,1
paroles,1
assertions,1
mariee,1
vune,1
objection,1
pratiquons,1
renseigne,1
doive,1
attenuerons,1
alarmer,1
placer,1
alffronter,1
ficultes,1
affrontant,1
elnous,1
tenez,1
diviser,1
appelait,1
ievre,1
ignorait,1
duirait,1
pathogenes,1
netrent,1
produisant,1
plaics,1
septi,1
cemie,1
sauvegarde,1
mosphere,1
depourvu,1
neltoyes,1
tellesorte,1
elastiques,1
suppleer,1
elasliques,1
bagnoles,1
orne,1
reputee,1
anciennes,1
phlebites,1
phamamelis,1
drastis,1
pailleurs,1
aspects,1
allures,1
riche,1
manifesta,1
diverse,1
plications,1
principale,1
tantes,1
repondu,1
obste,1
trique,1
vois,1
plates,1
dangereuses,1
veilles,1
apporle,1
demandes,1
empechions,1
apporter,1
solides,1
entrent,1
gazeux,1
canules,1
tuyau,1
linges,1
visiteurs,1
exempts,1
admis,1
gion,1
envahissent,1
occasion,1
timeetres,1
extrac,1
alterna,1
symphy,1
seolomie,1
resou,1
preferera,1
decidera,1
debarrassant,1
compare,1
regulateur,1
peur,1
colere,1
impression,1
limitee,1
couvents,1
arretent,1
medicamenteuse,1
miel,1
inlrouvables,1
deter,1
miner,1
recherches,1
amenorreique,1
passa,1
gere,1
exceptionnelle,1
rigueur,1
restait,1
devint,1
muqueuse,1
murs,1
queuse,1
pseudo,1
gynecolo,1
gues,1
inslilwez,1
menorreee,1
classes,1
etiologiques,1
pautre,1
soignons,1
gnons,1
miales,1
association,1
logiques,1
terriblemenl,1
eludes,1
observation,1
fecondalion,1
desirons,1
suivez,1
demonstration,1
lrompes,1
vensemble,1
vaseline,1
boriquee,1
scelles,1
tamponne,1
kilogramme,1
injeclteur,1
faience,1
ovale,1
baignoire,1
balance,1
pese,1
bebe,1
moise,1
panier,1
venumeration,1
parles,1
layelle,1
aborde,1
sortant,1
serve,1
lappli,1
marques,1
traces,1
chloro,1
bili,1
hide,1
oftat,1
mares,1
titi,1
volte,1
pita,1
refuser,1
compre,1
naient,1
linteret,1
recla,1
vimportance,1
daccouchee,1
deman,1
recouse,1
matie,1
complee,1
conligus,1
persistera,1
fermera,1
chirurgi,1
quees,1
philebite,1
immediate,1
perles,1
appli,1
attenua,1
alimen,1
taire,1
geenitales,1
flechie,1
lafemme,1
constipa,1
meenopause,1
demangeai,1
sons,1
trailementdes,1
vomisse,1
deviationsule,1
combineees,1
deladysmenorree,1
elliaiiie,1
loisurla,1
ovula,1
ergotde,1
pendantaccou,1
hermaphrodis,1
lure,1
vules,1
cuta,1
ovules,1
ception,1
reussile,1
mater,1
kegles,1
reeflexe,1
refroidissement,1
hydrothera,1
alimentaire,1
membraneux,1
imperforationducanal,1
deviees,1
accouchementse,1
jumeaus,1
agissait,1
mier,1
faitapres,1
lanaissance,1
deuxie,1
deli,1
vrance,1
proviennent,1
accidentle,1
eases,1
empe,1
confondez,1
interrompant,1
infaillible,1
inconstante,1
adressent,1
lintro,1
sommelt,1
saxinger,1
front,1
truelle,1
hatez,1
conelure,1
quietant,1
menage,1
page,1
total,1
loppement,1
etablissement,1
richesse,1
diminuera,1
absorbera,1
materiaux,1
amenera,1
insuffi,1
infractions,1
rdgles,1
whygiene,1
etals,1
lage,1
quente,1
scolaire,1
detient,1
conjoint,1
individualite,1
quici,1
fecondeee,1
progresse,1
monte,1
spermalozsoide,1
vascension,1
fragile,1
armee,1
fins,1
succombent,1
subissant,1
vhemor,1
troubler,1
criterium,1
affaiblisse,1
deperdition,1
contenterons,1
causent,1
eruptive,1
rougeole,1
variole,1
typhoide,1
preserver,1
environnee,1
inopportunes,1
preoccupations,1
impressionnables,1
enervees,1
allaitent,1
violente,1
retentitsur,1
guideront,1
decubitus,1
dorsal,1
paeccouchee,1
trouvait,1
porlantes,1
posant,1
renseignement,1
jjambes,1
prenes,1
tremite,1
sail,1
lieau,1
failes,1
vofficier,1
civil,1
officiers,1
sanle,1
assisle,1
redige,1
lemoins,1
toule,1
assiste,1
naura,1
prescrite,1
lvarticte,1
punie,1
emprisonnement,1
francs,1
declaralion,1
formalite,1
importerait,1
recommande,1
reputation,1
consa,1
eree,1
obtenus,1
clien,1
accouchees,1
garant,1
independants,1
qualites,1
regardez,1
investigation,1
cluez,1
mefiez,1
disciple,1
irreprochable,1
voict,1
quiller,1
admettre,1
articles,1
cope,1
civit,1
osseuse,1
capitonne,1
iiss,1
osteomalacie,1
fractures,1
faligue,1
aerer,1
laccouchee,1
couvrir,1
prenne,1
transporter,1
hiver,1
cheminee,1
contigue,1
entrouvertes,1
campagnes,1
altitudes,1
villes,1
humides,1
brusques,1
saurailt,1
femime,1
lhuile,1
couvrira,1
ouate,1
maintiendra,1
tours,1
tarlatane,1
sapplique,1
palir,1
rougir,1
elfet,1
differentes,1
variabilile,1
pabus,1
influences,1
susceptibilile,1
coincidentes,1
savant,1
elucider,1
reslera,1
inconnu,1
trailent,1
tillltt,1
pavillon,1
progression,1
rencontrent,1
zoide,1
gresser,1
allant,1
sivement,1
intellectuels,1
lignes,1
indiquerai,1
adaptera,1
individuelle,1
comprenant,1
croquet,1
paume,1
volant,1
pati,1
natalion,1
determines,1
moderation,1
souvenir,1
cherche,1
judicieusement,1
choisie,1
lentretien,1
lorga,1
amples,1
constriction,1
seize,1
coucher,1
dormir,1
pieces,1
aerees,1
sees,1
filtre,1
secretions,1
qwesl,1
infiltra,1
penfant,1
subis,1
deformer,1
lres,1
jeter,1
puisqwil,1
elie,1
suffil,1
degager,1
cessivement,1
superieurs,1
relevent,1
accroche,1
succombe,1
pextraire,1
apparences,1
voque,1
experte,1
ancienne,1
admettait,1
pensait,1
profond,1
jjumeaux,1
successive,1
positive,1
detache,1
vieux,1
prevott,1
munir,1
berceaux,1
layetles,1
renverriez,1
palisse,1
experimen,1
mentionner,1
communique,1
tepaule,1
procrealtion,1
faculles,1
tluterus,1
dysinenorree,1
yosalpinx,1
resul,1
tals,1
disme,1
rapportssexuels,1
siques,1
chiques,1
jlaccouche,1
vapplication,1
fetides,1
aimee,1
puerperalile,1
pysmenorree,1
neal,1
pyemcnorree,1
cone,1
fission,1
dyspepsie,1
sinttn,1
dvstocie,1
taal,1
carabana,1
tunyadi,1
4102,1
4114,1
kaux,1
ltemperament,1
gcoulements,1
echan,1
elatnormal,1
serosile,1
operee,1
probabilite,1
titted,1
meer,1
yeitt,1
meats,1
rlnt,1
hite,1
millie,1
hhins,1
piatt,1
haal,1
lalte,1
mate,1
indis,1
hamac,1
pensable,1
primipare,1
multipare,1
coutil,1
solide,1
permettant,1
serrer,1
retrait,1
remontera,1
nusssez,1
souf,1
aigues,1
repartit,1
intermittences,1
appeler,1
jenignore,1
illegal,1
expo,1
condamnees,1
instru,1
conslilue,1
decouverte,1
vraiment,1
merveilleuse,1
deplorables,1
services,1
inspirer,1
terreur,1
diriger,1
iroubles,1
quentendez,1
lovarile,1
meltrite,1
termines,1
embarrasse,1
demandait,1
sauriez,1
essaierai,1
microscopiques,1
epaisseur,1
tendent,1
venvahir,1
envahisseurs,1
indolore,1
dowloureuse,1
coli,1
menstrualion,1
impressionnabilite,1
pointde,1
aflaire,1
essentiel,1
braneuse,1
fragments,1
savants,1
inities,1
mentes,1
connaissent,1
elucide,1
jusqwa,1
defint,1
punion,1
exterieure,1
appreciable,1
mainlenant,1
expliquee,1
aples,1
conce,1
desirant,1
mairie,1
inhumation,1
boite,1
ensevelit,1
formalites,1
ennuyeuses,1
prescrites,1
criminels,1
strictement,1
dispropor,1
tionnes,1
reprocher,1
viciation,1
mesurer,1
consulle,1
consultes,1
difformite,1
chezla,1
vhymen,1
liche,1
vons,1
faisons,1
rensei,1
gnements,1
sciem,1
lrouves,1
relrecissement,1
projetee,1
repondons,1
difficul,1
surmonter,1
montrons,1
lasymphyseotomie,1
embryoto,1
renseignee,1
esta,1
condamnera,1
celibat,1
perils,1
sachant,1
sulle,1
vienne,1
projels,1
greffe,1
residence,1
terieur,1
parot,1
nellement,1
lembryon,1
fixee,1
reparlerons,1
etudierons,1
opposant,1
barriere,1
indirect,1
medica,1
lampon,1
tamponner,1
boucher,1
bouchon,1
saignaient,1
darreter,1
contracter,1
resserrent,1
nadensis,1
composee,1
lange,1
fault,1
etymologie,1
dijficile,1
denomination,1
nonymes,1
aussitol,1
lentraver,1
facheuse,1
ouinflammation,1
fonetionne,1
detruits,1
empechantlacommunication,1
obturees,1
inslant,1
pouryu,1
veuille,1
rappeler,1
ouverts,1
maissi,1
avantcette,1
dilatationcomplete,1
lirant,1
blessant,1
desordres,1
reparables,1
mettez,1
instruites,1
clencieuses,1
observerez,1
merveilleux,1
vaises,1
laissait,1
feraient,1
mesuseraient,1
detriment,1
manite,1
vextraction,1
nuelle,1
jambes,1
relevees,1
loureuses,1
ilest,1
accouchent,1
enfantement,1
ulterines,1
efface,1
etde,1
temporaire,1
configuration,1
tites,1
cicatrisent,1
quandellese,1
amnioltiques,1
amntolique,1
partiellement,1
sirupeuse,1
utilite,1
boueles,1
baigneraient,1
ecoulent,1
deviendraient,1
loires,1
alimenta,1
curabilite,1
phleebite,1
delafemme,1
pheno,1
meenes,1
eoincide,1
panteflexion,1
deyra,1
incommodeees,1
tracer,1
adaptant,1
accompliront,1
existail,1
__iii,1
geant,1
dctre,1
reconnaitra,1
tuteur,1
remettra,1
panneau,1
bailde,1
supprimera,1
definitivement,1
prescrivant,1
fortifier,1
consisle,1
convenir,1
derriere,1
combinee,1
raccourcit,1
temperaments,1
620206,1
dulivre,1
sestroubles,1
pyetome,1
ssee,1
2224262200,1
arwuratnom,1
spermatuzoide,1
20282,1
2624,1
circule,1
tact,1
partout,1
echanges,1
lade,1
niolique,1
entoure,1
vamnios,1
hydramnios,1
excessif,1
prononcees,1
concernant,1
etends,1
arriverons,1
bientet,1
naissiez,1
feelus,1
interesserait,1
revenons,1
astreindre,1
continuent,1
crites,1
locaux,1
cesses,1
renoncer,1
temp,1
inconyenients,1
rieux,1
evitera,1
gique,1
timide,1
hardiment,1
echee,1
posee,1
experimente,1
venl,1
proposer,1
adit,1
discredit,1
immerile,1
jarrive,1
sacs,1
_guerison,1
coles,1
distendant,1
drophile,1
imbibes,1
glyeerine,1
laisses,1
verdatre,1
chemise,1
taches,1
cris,1
vierge,1
earacleristiques,1
ressemble,1
elan,1
cements,1
couver,1
exagerent,1
culum,1
genitals,1
fermer,1
avives,1
recollent,1
gueries,1
grice,1
delabrements,1
considerables,1
recueillir,1
commodes,1
preferer,1
infirmites,1
trainte,1
viettes,1
changera,1
dechirant,1
peeri,1
lpaccouchement,1
foetale,1
eclate,1
soutenu,1
respecte,1
inte,1
resse,1
remonte,1
stmple,1
compliqueee,1
supprimer,1
retenues,1
trcontinence,1
pliquee,1
lineon,1
tinence,1
peerinee,1
lobligent,1
vombilic,1
irradia,1
mollets,1
accentuent,1
notable,1
tvorgane,1
violace,1
ulecera,1
teintees,1
teint,1
duyaune,1
glaireuse,1
consis,1
cabinet,1
vintervalle,1
vaquer,1
occupa,1
evitant,1
juge,1
produira,1
demandee,1
vobligation,1
semblait,1
cesse,1
rechute,1
plaide,1
lopera,1
essayez,1
sice,1
constituera,1
incurable,1
fortunee,1
igno,1
rons,1
pourquoielle,1
condamnee,1
enfanter,1
cruelles,1
signal,1
monstruosites,1
relour,1
ddge,1
raconte,1
histoire,1
extraordinaires,1
authenticile,1
consideres,1
linstau,1
armez,1
interel,1
tendre,1
tourne,1
cdtee,1
secon,1
daire,1
sentation,1
vorganisme,1
ontunuation,1
pertebrale,1
epine,1
syimphyse,1
pubijenne,1
gnossesse,1
grogpasee,1
qoeufhumain,1
materne,1
ilvgiene,1
4130,1
4138,1
e489,1
laccouchemen,1
versiong,1
41356,1
cesariepne,1
laccouchemenlt,1
eclamipsie,1
heemorragic,1
4s8t,1
anticepsio,1
ronds,1
suspendent,1
ouenfin,1
pelle,1
doperation,1
operalions,1
obligeant,1
observee,1
quelqu,1
gynecologue,1
inverse,1
retourner,1
restituer,1
course,1
saut,1
proscription,1
pend,1
tolerance,1
tolerent,1
contractent,1
intolerant,1
appliquez,1
lantever,1
nullement,1
servirait,1
raretes,1
loules,1
pensons,1
expliquerez,1
sommatrement,1
allarder,1
loujours,1
etes,1
radical,1
bannir,1
sultats,1
laissant,1
emploiera,1
vanneau,1
rations,1
enlend,1
opeera,1
relrodeviation,1
asimultanement,1
prolite,1
colpora,1
vindique,1
antee,1
well,1
fist,1
wane,1
superposees,1
doublure,1
accolee,1
etofle,1
superposition,1
jnyt,1
siig,1
okul,1
ovulaires,1
seur,1
valbuminurie,1
boisson,1
line,1
yurine,1
ljaxatifs,1
prolonges,1
vheureuse,1
lalbu,1
retenlion,1
troisitme,1
piedestal,1
representes,1
sacree,1
tesh,1
aponevroses,1
predominantes,1
irra,1
diations,1
identi,1
melrite,1
hypertro,1
ulcere,1
lasalpingo,1
ovaritel,1
uterusestnormal,1
imoins,1
cotee,1
bilaterale,1
mandarine,1
ordi,1
nairement,1
fitvre,1
cider,1
promptement,1
justifient,1
vintervention,1
chirur,1
gicale,1
tenter,1
generation,1
jugee,1
qwenlendes,1
accumu,1
lations,1
meurs,1
scene,1
occupent,1
abuse,1
tole,1
infirme,1
incapable,1
diminuee,1
recouvrer,1
precaires,1
vinteressee,1
eclat,1
peritonile,1
meilleures,1
semblera,1
lintervention,1
provenance,1
herpees,1
plaques,1
chancre,1
lexamen,1
vulceration,1
reunirons,1
yore,1
queje,1
relachant,1
repetees,1
relachement,1
allaiblissement,1
eminem,1
vinversion,1
queries,1
adhe,1
paroiest,1
molle,1
inerte,1
iiienll,1
bvomvonin,1
medicinal,1
jeun,1
remarquablement,1
triplera,1
sydenham,1
recommandent,1
pourquot,1
diabeete,1
facheux,1
faitle,1
delai,1
trieme,1
gargon,1
informe,1
acheve,1
miniature,1
brouillon,1
mise,1
vetre,1
distinetes,1
rentes,1
voudrez,1
veeuf,1
constituantes,1
reunissant,1
prendrez,1
lenveloppe,1
epaissie,1
disque,1
aplati,1
epaississement,1
centa,1
ombilic,1
remplissage,1
intimement,1
accole,1
moderement,1
adherentes,1
detachent,1
restreindre,1
reduire,1
abdomi,1
nale,1
doublant,1
duites,1
fodure,1
extrait,1
cigue,1
wemguams,1
malins,1
friction,1
pendantcing,1
ayes,1
saillir,1
raccourcir,1
raccourcie,1
ramenant,1
trodeviations,1
hysteromeetre,1
bilise,1
remis,1
posilion,1
4lheure,1
inventes,1
preferables,1
reductible,1
consentir,1
lhys,1
terectomie,1
excellents,1
isolees,1
estimpossible,1
plexes,1
excel,1
venerienne,1
parente,1
syphi,1
tien,1
chanere,1
fanentet,1
tombent,1
arrondie,1
paterus,1
minal,1
maintenue,1
sintroduit,1
cannelee,1
coud,1
soie,1
erin,1
florence,1
rigide,1
permanente,1
quisont,1
positions,1
laines,1
vhysterometre,1
patiente,1
tracait,1
conduile,1
ziene,1
lutter,1
vapanage,1
occuperai,1
temes,1
caprices,1
bizarres,1
preoccuper,1
sujelts,1
eclore,1
predis,1
posees,1
lantipyrine,1
loleree,1
paconit,1
danum,1
delles,1
vouloir,1
connailtre,1
finesses,1
decroissante,1
truel,1
monter,1
ejacule,1
eavite,1
cervicale,1
meditant,1
ejaculation,1
bilan,1
fermant,1
cervical,1
pous,1
sieres,1
ensont,1
genilalite,1
bronchite,1
yinflammation,1
laryngite,1
rynx,1
elec,1
bloc,1
enlier,1
pest,1
taux,1
vagm,1
vaguite,1
metpite,1
hemos,1
tatiques,1
agents,1
presse,1
pincement,1
lorigine,1
adressera,1
caren,1
guerissant,1
dirigera,1
gynecologique,1
exctra,1
ecavite,1
ltubaire,1
samment,1
contenir,1
epanche,1
grec,1
toine,1
lhematocele,1
vhematocele,1
meur,1
perito,1
neale,1
englobe,1
empri,1
sonne,1
calotte,1
zovarite,1
periloine,1
lulaire,1
perttonitle,1
quinous,1
inleresse,1
pourrions,1
soupconner,1
estatleinte,1
tndiquer,1
bralure,1
cuissons,1
medeecin,1
desulcerations,1
lecr,1
quents,1
luante,1
fiexion,1
avail,1
sewe,1
deine,1
ever,1
anleversion,1
bougeait,1
inclinait,1
comprimee,1
couchant,1
doctroresse,1
octave,1
doin,1
editeur,1
odeon,1
groesesee,1
cinf,1
himain,1
accouchemenlt,1
bastt,1
excellence,1
tiper,1
combattra,1
agacement,1
sensitive,1
delicatesse,1
nervositee,1
malaise,1
letat,1
touchons,1
existerait,1
culture,1
imposerait,1
obligation,1
sonl,1
minale,1
aqaqa,1
ywzzz,1
gatyj,1
zz74,1
quelqties,1
reponds,1
cedent,1
actif,1
racler,1
detachant,1
dimplantation,1
volumi,1
neuses,1
duvagin,1
aqueux,1
purulents,1
particularile,1
persistent,1
anormalement,1
acci,1
dentels,1
guinolente,1
noiratre,1
lambeaux,1
detaches,1
pourrie,1
nausea,1
bonde,1
caneereuses,1
repandent,1
lourage,1
sation,1
bete,1
devorerait,1
devore,1
blemes,1
blafardes,1
bouffies,1
doublent,1
relever,1
tiges,1
ouvrage,1
donneront,1
vaplatit,1
fragment,1
tenacite,1
desesperante,1
tenia,1
reforme,1
evacuation,1
solitaire,1
preefere,1
roforme,1
anesthesique,1
framboises,1
semis,1
niotique,1
nouvelles,1
fatus,1
neuvieme,1
inclusivement,1
lexpression,1
indifferemment,1
expulse,1
bryon,1
rail,1
cessaires,1
croitre,1
ideux,1
saurez,1
garcon,1
terminera,1
succombera,1
sitge,1
continuant,1
tractions,1
achive,1
vraiqu,1
lermine,1
relablit,1
lcle,1
flechte,1
defa,1
vorable,1
moule,1
diffeere,1
essentiellement,1
reciproquement,1
learthritique,1
sobrement,1
vegetarien,1
boire,1
excitants,1
surmener,1
substantielle,1
animale,1
vegetale,1
guiser,1
sonappetit,1
discernement,1
complica,1
pulmonaires,1
berculose,1
rasthenie,1
affaiblissement,1
gliges,1
pretexte,1
prendra,1
implanter,1
implantee,1
deraciner,1
keane,1
confor,1
limperforation,1
grossissant,1
distendu,1
dique,1
vobstacle,1
hemalomeetre,1
parcours,1
favorisant,1
venital,1
banal,1
affaiblir,1
vaccouchemeni,1
vaul,1
longlemps,1
elait,1
absent,1
navait,1
estime,1
vault,1
faitretablie,1
chule,1
soumellre,1
ralion,1
abaissee,1
agrandissant,1
cicatrisant,1
laisseront,1
reduites,1
conseillez,1
larecoudre,1
nuee,1
vaccouche,1
soif,1
acceptee,1
inventees,1
devons,1
aimons,1
parlent,1
vesprit,1
techniques,1
incompris,1
employons,1
designons,1
quwun,1
accessoire,1
ovariennes,1
remportent,1
dila,1
tations,1
veineuses,1
exageres,1
ramenent,1
tension,1
repletion,1
supprimant,1
eemellaire,1
feetus,1
distinet,1
distincte,1
narle,1
imnerforation,1
want,1
recn,1
conformalion,1
voeclusion,1
siderations,1
hygieniques,1
pretent,1
conversations,1
soulevent,1
fone,1
syste,1
postpartum,1
suecombera,1
vepaule,1
ravers,1
leuf,1
vest,1
ovipare,1
vivipare,1
enlendez,1
sette,1
eaxkes,1
vonannet,1
kysle,1
bartholin,1
tholin,1
kystles,1
enflamment,1
lvinterieur,1
lype,1
pendu,1
liens,1
elabli,1
vaffaire,1
demandera,1
consetl,1
permetlent,1
confiance,1
weux,1
lorsquune,1
efforcer,1
satisfaire,1
legitime,1
brievement,1
theerapeuliques,1
cetnlure,1
terribles,1
appartiennent,1
dumeur,1
nigne,1
ltumeur,1
evoluant,1
alfaiblisse,1
croissant,1
infecte,1
ulceration,1
cere,1
leuleeration,1
grandit,1
huile,1
etdevient,1
chou,1
fleur,1
rougeitre,1
bourgeonnante,1
local,1
